Name,periods,lines,conductors,subs_hv,subs_mv,buses,SetUnion_OrderedSet,NPWB,Value
line_opt,,23.0,Poppy,,,,,,0.0
line_opt,,23.0,Oxlip,,,,,,0.0
line_opt,,23.0,Daisy,,,,,,0.0
line_opt,,23.0,Tulip,,,,,,0.0001866481755112
line_act_plus,,23.0,,,,,,,0.0001865675320788
line_act_minus,,23.0,,,,,,,0.0
current_squared_k,1.0,23.0,Poppy,,,,,,0.0
current_squared_k,1.0,23.0,Oxlip,,,,,,0.0
current_squared_k,1.0,23.0,Daisy,,,,,,0.0
current_squared_k,1.0,23.0,Tulip,,,,,,0.0
current_squared_k,2.0,23.0,Poppy,,,,,,0.0
current_squared_k,2.0,23.0,Oxlip,,,,,,0.0
current_squared_k,2.0,23.0,Daisy,,,,,,0.0
current_squared_k,2.0,23.0,Tulip,,,,,,0.0
current_squared_k,3.0,23.0,Poppy,,,,,,0.0
current_squared_k,3.0,23.0,Oxlip,,,,,,0.0
current_squared_k,3.0,23.0,Daisy,,,,,,0.0
current_squared_k,3.0,23.0,Tulip,,,,,,0.0
current_squared_k,4.0,23.0,Poppy,,,,,,0.0
current_squared_k,4.0,23.0,Oxlip,,,,,,0.0
current_squared_k,4.0,23.0,Daisy,,,,,,0.0
current_squared_k,4.0,23.0,Tulip,,,,,,0.0
current_squared_k,5.0,23.0,Poppy,,,,,,0.0
current_squared_k,5.0,23.0,Oxlip,,,,,,0.0
current_squared_k,5.0,23.0,Daisy,,,,,,0.0
current_squared_k,5.0,23.0,Tulip,,,,,,0.0
current_squared_k,6.0,23.0,Poppy,,,,,,0.0
current_squared_k,6.0,23.0,Oxlip,,,,,,0.0
current_squared_k,6.0,23.0,Daisy,,,,,,0.0
current_squared_k,6.0,23.0,Tulip,,,,,,0.0
current_squared_k,7.0,23.0,Poppy,,,,,,0.0
current_squared_k,7.0,23.0,Oxlip,,,,,,0.0
current_squared_k,7.0,23.0,Daisy,,,,,,0.0
current_squared_k,7.0,23.0,Tulip,,,,,,0.0
current_squared_k,8.0,23.0,Poppy,,,,,,0.0
current_squared_k,8.0,23.0,Oxlip,,,,,,0.0
current_squared_k,8.0,23.0,Daisy,,,,,,-8.388715677881783e-06
current_squared_k,8.0,23.0,Tulip,,,,,,8.388715677881783e-06
current_squared_k,9.0,23.0,Poppy,,,,,,0.0
current_squared_k,9.0,23.0,Oxlip,,,,,,0.0
current_squared_k,9.0,23.0,Daisy,,,,,,0.0
current_squared_k,9.0,23.0,Tulip,,,,,,0.0
current_squared_k,10.0,23.0,Poppy,,,,,,0.0
current_squared_k,10.0,23.0,Oxlip,,,,,,0.0
current_squared_k,10.0,23.0,Daisy,,,,,,0.0
current_squared_k,10.0,23.0,Tulip,,,,,,0.0
current_squared_k,11.0,23.0,Poppy,,,,,,0.0
current_squared_k,11.0,23.0,Oxlip,,,,,,0.0
current_squared_k,11.0,23.0,Daisy,,,,,,0.0
current_squared_k,11.0,23.0,Tulip,,,,,,0.0
current_squared_k,12.0,23.0,Poppy,,,,,,0.0
current_squared_k,12.0,23.0,Oxlip,,,,,,0.0
current_squared_k,12.0,23.0,Daisy,,,,,,0.0
current_squared_k,12.0,23.0,Tulip,,,,,,0.0
current_squared_k,13.0,23.0,Poppy,,,,,,0.0
current_squared_k,13.0,23.0,Oxlip,,,,,,0.0
current_squared_k,13.0,23.0,Daisy,,,,,,0.0
current_squared_k,13.0,23.0,Tulip,,,,,,0.0
current_squared_k,14.0,23.0,Poppy,,,,,,0.0
current_squared_k,14.0,23.0,Oxlip,,,,,,0.0
current_squared_k,14.0,23.0,Daisy,,,,,,0.0
current_squared_k,14.0,23.0,Tulip,,,,,,0.0
current_squared_k,15.0,23.0,Poppy,,,,,,0.0
current_squared_k,15.0,23.0,Oxlip,,,,,,0.0
current_squared_k,15.0,23.0,Daisy,,,,,,0.0
current_squared_k,15.0,23.0,Tulip,,,,,,0.0
current_squared_k,16.0,23.0,Poppy,,,,,,0.0
current_squared_k,16.0,23.0,Oxlip,,,,,,0.0
current_squared_k,16.0,23.0,Daisy,,,,,,0.0
current_squared_k,16.0,23.0,Tulip,,,,,,0.0
current_squared_k,17.0,23.0,Poppy,,,,,,0.0
current_squared_k,17.0,23.0,Oxlip,,,,,,0.0
current_squared_k,17.0,23.0,Daisy,,,,,,0.0
current_squared_k,17.0,23.0,Tulip,,,,,,0.0
current_squared_k,18.0,23.0,Poppy,,,,,,0.0
current_squared_k,18.0,23.0,Oxlip,,,,,,0.0
current_squared_k,18.0,23.0,Daisy,,,,,,0.0
current_squared_k,18.0,23.0,Tulip,,,,,,0.0
current_squared_k,19.0,23.0,Poppy,,,,,,0.0
current_squared_k,19.0,23.0,Oxlip,,,,,,0.0
current_squared_k,19.0,23.0,Daisy,,,,,,0.0
current_squared_k,19.0,23.0,Tulip,,,,,,0.0
current_squared_k,20.0,23.0,Poppy,,,,,,0.0
current_squared_k,20.0,23.0,Oxlip,,,,,,0.0
current_squared_k,20.0,23.0,Daisy,,,,,,0.0
current_squared_k,20.0,23.0,Tulip,,,,,,0.0
current_squared_k,21.0,23.0,Poppy,,,,,,0.0
current_squared_k,21.0,23.0,Oxlip,,,,,,0.0
current_squared_k,21.0,23.0,Daisy,,,,,,0.0
current_squared_k,21.0,23.0,Tulip,,,,,,0.0
current_squared_k,22.0,23.0,Poppy,,,,,,0.0
current_squared_k,22.0,23.0,Oxlip,,,,,,0.0
current_squared_k,22.0,23.0,Daisy,,,,,,0.0
current_squared_k,22.0,23.0,Tulip,,,,,,0.0
current_squared_k,23.0,23.0,Poppy,,,,,,0.0
current_squared_k,23.0,23.0,Oxlip,,,,,,0.0
current_squared_k,23.0,23.0,Daisy,,,,,,0.0
current_squared_k,23.0,23.0,Tulip,,,,,,0.0
current_squared_k,24.0,23.0,Poppy,,,,,,0.0
current_squared_k,24.0,23.0,Oxlip,,,,,,0.0
current_squared_k,24.0,23.0,Daisy,,,,,,0.0
current_squared_k,24.0,23.0,Tulip,,,,,,0.0
current_squared,1.0,23.0,,,,,,,0.0
current_squared,2.0,23.0,,,,,,,0.0
current_squared,3.0,23.0,,,,,,,0.0
current_squared,4.0,23.0,,,,,,,0.0
current_squared,5.0,23.0,,,,,,,0.0
current_squared,6.0,23.0,,,,,,,0.0
current_squared,7.0,23.0,,,,,,,0.0
current_squared,8.0,23.0,,,,,,,0.0
current_squared,9.0,23.0,,,,,,,0.0
current_squared,10.0,23.0,,,,,,,0.0
current_squared,11.0,23.0,,,,,,,0.0
current_squared,12.0,23.0,,,,,,,0.0
current_squared,13.0,23.0,,,,,,,0.0
current_squared,14.0,23.0,,,,,,,0.0
current_squared,15.0,23.0,,,,,,,0.0
current_squared,16.0,23.0,,,,,,,0.0
current_squared,17.0,23.0,,,,,,,0.0
current_squared,18.0,23.0,,,,,,,0.0
current_squared,19.0,23.0,,,,,,,0.0
current_squared,20.0,23.0,,,,,,,0.0
current_squared,21.0,23.0,,,,,,,0.0
current_squared,22.0,23.0,,,,,,,0.0
current_squared,23.0,23.0,,,,,,,0.0
current_squared,24.0,23.0,,,,,,,0.0
current_slack,1.0,23.0,Poppy,,,,,,0.0
current_slack,1.0,23.0,Oxlip,,,,,,0.0
current_slack,1.0,23.0,Daisy,,,,,,0.0
current_slack,1.0,23.0,Tulip,,,,,,0.0
current_slack,2.0,23.0,Poppy,,,,,,0.0
current_slack,2.0,23.0,Oxlip,,,,,,0.0
current_slack,2.0,23.0,Daisy,,,,,,0.0
current_slack,2.0,23.0,Tulip,,,,,,0.0
current_slack,3.0,23.0,Poppy,,,,,,0.0
current_slack,3.0,23.0,Oxlip,,,,,,0.0
current_slack,3.0,23.0,Daisy,,,,,,0.0
current_slack,3.0,23.0,Tulip,,,,,,0.0
current_slack,4.0,23.0,Poppy,,,,,,0.0
current_slack,4.0,23.0,Oxlip,,,,,,0.0
current_slack,4.0,23.0,Daisy,,,,,,0.0
current_slack,4.0,23.0,Tulip,,,,,,0.0
current_slack,5.0,23.0,Poppy,,,,,,0.0
current_slack,5.0,23.0,Oxlip,,,,,,0.0
current_slack,5.0,23.0,Daisy,,,,,,0.0
current_slack,5.0,23.0,Tulip,,,,,,0.0
current_slack,6.0,23.0,Poppy,,,,,,0.0
current_slack,6.0,23.0,Oxlip,,,,,,0.0
current_slack,6.0,23.0,Daisy,,,,,,0.0
current_slack,6.0,23.0,Tulip,,,,,,0.0
current_slack,7.0,23.0,Poppy,,,,,,0.0
current_slack,7.0,23.0,Oxlip,,,,,,0.0
current_slack,7.0,23.0,Daisy,,,,,,0.0
current_slack,7.0,23.0,Tulip,,,,,,0.0
current_slack,8.0,23.0,Poppy,,,,,,0.0
current_slack,8.0,23.0,Oxlip,,,,,,0.0
current_slack,8.0,23.0,Daisy,,,,,,0.0
current_slack,8.0,23.0,Tulip,,,,,,0.0
current_slack,9.0,23.0,Poppy,,,,,,0.0
current_slack,9.0,23.0,Oxlip,,,,,,0.0
current_slack,9.0,23.0,Daisy,,,,,,0.0
current_slack,9.0,23.0,Tulip,,,,,,0.0
current_slack,10.0,23.0,Poppy,,,,,,0.0
current_slack,10.0,23.0,Oxlip,,,,,,0.0
current_slack,10.0,23.0,Daisy,,,,,,0.0
current_slack,10.0,23.0,Tulip,,,,,,0.0
current_slack,11.0,23.0,Poppy,,,,,,0.0
current_slack,11.0,23.0,Oxlip,,,,,,0.0
current_slack,11.0,23.0,Daisy,,,,,,0.0
current_slack,11.0,23.0,Tulip,,,,,,0.0
current_slack,12.0,23.0,Poppy,,,,,,0.0
current_slack,12.0,23.0,Oxlip,,,,,,0.0
current_slack,12.0,23.0,Daisy,,,,,,0.0
current_slack,12.0,23.0,Tulip,,,,,,0.0
current_slack,13.0,23.0,Poppy,,,,,,0.0
current_slack,13.0,23.0,Oxlip,,,,,,0.0
current_slack,13.0,23.0,Daisy,,,,,,0.0
current_slack,13.0,23.0,Tulip,,,,,,0.0
current_slack,14.0,23.0,Poppy,,,,,,0.0
current_slack,14.0,23.0,Oxlip,,,,,,0.0
current_slack,14.0,23.0,Daisy,,,,,,0.0
current_slack,14.0,23.0,Tulip,,,,,,0.0
current_slack,15.0,23.0,Poppy,,,,,,0.0
current_slack,15.0,23.0,Oxlip,,,,,,0.0
current_slack,15.0,23.0,Daisy,,,,,,0.0
current_slack,15.0,23.0,Tulip,,,,,,0.0
current_slack,16.0,23.0,Poppy,,,,,,0.0
current_slack,16.0,23.0,Oxlip,,,,,,0.0
current_slack,16.0,23.0,Daisy,,,,,,0.0
current_slack,16.0,23.0,Tulip,,,,,,0.0
current_slack,17.0,23.0,Poppy,,,,,,0.0
current_slack,17.0,23.0,Oxlip,,,,,,0.0
current_slack,17.0,23.0,Daisy,,,,,,0.0
current_slack,17.0,23.0,Tulip,,,,,,0.0
current_slack,18.0,23.0,Poppy,,,,,,0.0
current_slack,18.0,23.0,Oxlip,,,,,,0.0
current_slack,18.0,23.0,Daisy,,,,,,0.0
current_slack,18.0,23.0,Tulip,,,,,,0.0
current_slack,19.0,23.0,Poppy,,,,,,0.0
current_slack,19.0,23.0,Oxlip,,,,,,0.0
current_slack,19.0,23.0,Daisy,,,,,,0.0
current_slack,19.0,23.0,Tulip,,,,,,0.0
current_slack,20.0,23.0,Poppy,,,,,,0.0
current_slack,20.0,23.0,Oxlip,,,,,,0.0
current_slack,20.0,23.0,Daisy,,,,,,0.0
current_slack,20.0,23.0,Tulip,,,,,,0.0
current_slack,21.0,23.0,Poppy,,,,,,0.0
current_slack,21.0,23.0,Oxlip,,,,,,0.0
current_slack,21.0,23.0,Daisy,,,,,,0.0
current_slack,21.0,23.0,Tulip,,,,,,0.0
current_slack,22.0,23.0,Poppy,,,,,,0.0
current_slack,22.0,23.0,Oxlip,,,,,,0.0
current_slack,22.0,23.0,Daisy,,,,,,0.0
current_slack,22.0,23.0,Tulip,,,,,,0.0
current_slack,23.0,23.0,Poppy,,,,,,0.0
current_slack,23.0,23.0,Oxlip,,,,,,0.0
current_slack,23.0,23.0,Daisy,,,,,,0.0
current_slack,23.0,23.0,Tulip,,,,,,0.0
current_slack,24.0,23.0,Poppy,,,,,,0.0
current_slack,24.0,23.0,Oxlip,,,,,,0.0
current_slack,24.0,23.0,Daisy,,,,,,0.0
current_slack,24.0,23.0,Tulip,,,,,,0.0
losses,1.0,23.0,,,,,,,0.0
losses,2.0,23.0,,,,,,,0.0
losses,3.0,23.0,,,,,,,0.0
losses,4.0,23.0,,,,,,,0.0
losses,5.0,23.0,,,,,,,0.0
losses,6.0,23.0,,,,,,,0.0
losses,7.0,23.0,,,,,,,0.0
losses,8.0,23.0,,,,,,,-5.437216935536562e-07
losses,9.0,23.0,,,,,,,0.0
losses,10.0,23.0,,,,,,,0.0
losses,11.0,23.0,,,,,,,0.0
losses,12.0,23.0,,,,,,,0.0
losses,13.0,23.0,,,,,,,0.0
losses,14.0,23.0,,,,,,,0.0
losses,15.0,23.0,,,,,,,0.0
losses,16.0,23.0,,,,,,,0.0
losses,17.0,23.0,,,,,,,0.0
losses,18.0,23.0,,,,,,,0.0
losses,19.0,23.0,,,,,,,0.0
losses,20.0,23.0,,,,,,,0.0
losses,21.0,23.0,,,,,,,0.0
losses,22.0,23.0,,,,,,,0.0
losses,23.0,23.0,,,,,,,0.0
losses,24.0,23.0,,,,,,,0.0
active_power_k,1.0,23.0,Poppy,,,,,,0.0
active_power_k,1.0,23.0,Oxlip,,,,,,0.0
active_power_k,1.0,23.0,Daisy,,,,,,0.0
active_power_k,1.0,23.0,Tulip,,,,,,0.0
active_power_k,2.0,23.0,Poppy,,,,,,0.0
active_power_k,2.0,23.0,Oxlip,,,,,,0.0
active_power_k,2.0,23.0,Daisy,,,,,,0.0
active_power_k,2.0,23.0,Tulip,,,,,,0.0
active_power_k,3.0,23.0,Poppy,,,,,,0.0
active_power_k,3.0,23.0,Oxlip,,,,,,0.0
active_power_k,3.0,23.0,Daisy,,,,,,0.0
active_power_k,3.0,23.0,Tulip,,,,,,4.1547884253659776e-05
active_power_k,4.0,23.0,Poppy,,,,,,0.0
active_power_k,4.0,23.0,Oxlip,,,,,,0.0
active_power_k,4.0,23.0,Daisy,,,,,,0.0
active_power_k,4.0,23.0,Tulip,,,,,,0.0
active_power_k,5.0,23.0,Poppy,,,,,,0.0
active_power_k,5.0,23.0,Oxlip,,,,,,0.0
active_power_k,5.0,23.0,Daisy,,,,,,0.0
active_power_k,5.0,23.0,Tulip,,,,,,0.0
active_power_k,6.0,23.0,Poppy,,,,,,0.00029809231596
active_power_k,6.0,23.0,Oxlip,,,,,,0.0
active_power_k,6.0,23.0,Daisy,,,,,,0.0
active_power_k,6.0,23.0,Tulip,,,,,,0.0
active_power_k,7.0,23.0,Poppy,,,,,,0.0
active_power_k,7.0,23.0,Oxlip,,,,,,0.0
active_power_k,7.0,23.0,Daisy,,,,,,0.0
active_power_k,7.0,23.0,Tulip,,,,,,0.0
active_power_k,8.0,23.0,Poppy,,,,,,0.0
active_power_k,8.0,23.0,Oxlip,,,,,,0.0
active_power_k,8.0,23.0,Daisy,,,,,,0.0
active_power_k,8.0,23.0,Tulip,,,,,,-4.1547884253659776e-05
active_power_k,9.0,23.0,Poppy,,,,,,0.0
active_power_k,9.0,23.0,Oxlip,,,,,,0.0
active_power_k,9.0,23.0,Daisy,,,,,,0.0
active_power_k,9.0,23.0,Tulip,,,,,,-4.1547884253659776e-05
active_power_k,10.0,23.0,Poppy,,,,,,0.0
active_power_k,10.0,23.0,Oxlip,,,,,,0.0
active_power_k,10.0,23.0,Daisy,,,,,,0.0
active_power_k,10.0,23.0,Tulip,,,,,,-4.1547884253659776e-05
active_power_k,11.0,23.0,Poppy,,,,,,0.0
active_power_k,11.0,23.0,Oxlip,,,,,,0.0
active_power_k,11.0,23.0,Daisy,,,,,,0.0
active_power_k,11.0,23.0,Tulip,,,,,,-4.1547884253659776e-05
active_power_k,12.0,23.0,Poppy,,,,,,0.0
active_power_k,12.0,23.0,Oxlip,,,,,,0.0
active_power_k,12.0,23.0,Daisy,,,,,,0.0
active_power_k,12.0,23.0,Tulip,,,,,,-4.1547884253659776e-05
active_power_k,13.0,23.0,Poppy,,,,,,0.0
active_power_k,13.0,23.0,Oxlip,,,,,,0.0
active_power_k,13.0,23.0,Daisy,,,,,,0.0
active_power_k,13.0,23.0,Tulip,,,,,,-4.1547884253659776e-05
active_power_k,14.0,23.0,Poppy,,,,,,0.0
active_power_k,14.0,23.0,Oxlip,,,,,,0.0
active_power_k,14.0,23.0,Daisy,,,,,,0.0
active_power_k,14.0,23.0,Tulip,,,,,,-4.1547884253659776e-05
active_power_k,15.0,23.0,Poppy,,,,,,0.0
active_power_k,15.0,23.0,Oxlip,,,,,,0.0
active_power_k,15.0,23.0,Daisy,,,,,,0.0
active_power_k,15.0,23.0,Tulip,,,,,,-4.1547884253659776e-05
active_power_k,16.0,23.0,Poppy,,,,,,0.0
active_power_k,16.0,23.0,Oxlip,,,,,,0.0
active_power_k,16.0,23.0,Daisy,,,,,,0.0
active_power_k,16.0,23.0,Tulip,,,,,,0.0
active_power_k,17.0,23.0,Poppy,,,,,,0.0
active_power_k,17.0,23.0,Oxlip,,,,,,0.0
active_power_k,17.0,23.0,Daisy,,,,,,0.0
active_power_k,17.0,23.0,Tulip,,,,,,0.0
active_power_k,18.0,23.0,Poppy,,,,,,0.0
active_power_k,18.0,23.0,Oxlip,,,,,,0.0
active_power_k,18.0,23.0,Daisy,,,,,,0.0
active_power_k,18.0,23.0,Tulip,,,,,,0.0
active_power_k,19.0,23.0,Poppy,,,,,,0.0
active_power_k,19.0,23.0,Oxlip,,,,,,0.0
active_power_k,19.0,23.0,Daisy,,,,,,0.0
active_power_k,19.0,23.0,Tulip,,,,,,4.1547884253659776e-05
active_power_k,20.0,23.0,Poppy,,,,,,0.0
active_power_k,20.0,23.0,Oxlip,,,,,,0.0
active_power_k,20.0,23.0,Daisy,,,,,,0.0
active_power_k,20.0,23.0,Tulip,,,,,,0.0
active_power_k,21.0,23.0,Poppy,,,,,,0.0
active_power_k,21.0,23.0,Oxlip,,,,,,0.0
active_power_k,21.0,23.0,Daisy,,,,,,0.0
active_power_k,21.0,23.0,Tulip,,,,,,4.1547884253659776e-05
active_power_k,22.0,23.0,Poppy,,,,,,0.0
active_power_k,22.0,23.0,Oxlip,,,,,,0.0
active_power_k,22.0,23.0,Daisy,,,,,,0.0
active_power_k,22.0,23.0,Tulip,,,,,,0.0
active_power_k,23.0,23.0,Poppy,,,,,,0.0
active_power_k,23.0,23.0,Oxlip,,,,,,0.0
active_power_k,23.0,23.0,Daisy,,,,,,0.0
active_power_k,23.0,23.0,Tulip,,,,,,4.1547884253659776e-05
active_power_k,24.0,23.0,Poppy,,,,,,0.0
active_power_k,24.0,23.0,Oxlip,,,,,,0.0
active_power_k,24.0,23.0,Daisy,,,,,,0.0
active_power_k,24.0,23.0,Tulip,,,,,,4.1547884253659776e-05
active_power,1.0,23.0,,,,,,,0.0
active_power,2.0,23.0,,,,,,,0.0
active_power,3.0,23.0,,,,,,,4.1547884253659776e-05
active_power,4.0,23.0,,,,,,,0.0
active_power,5.0,23.0,,,,,,,0.0
active_power,6.0,23.0,,,,,,,0.00029809231596
active_power,7.0,23.0,,,,,,,0.0
active_power,8.0,23.0,,,,,,,-4.1547884253659776e-05
active_power,9.0,23.0,,,,,,,-4.1547884253659776e-05
active_power,10.0,23.0,,,,,,,-4.1547884253659776e-05
active_power,11.0,23.0,,,,,,,-4.154788425365973e-05
active_power,12.0,23.0,,,,,,,-4.1547884253659776e-05
active_power,13.0,23.0,,,,,,,-4.1547884253659776e-05
active_power,14.0,23.0,,,,,,,-4.1547884253659776e-05
active_power,15.0,23.0,,,,,,,-4.154788425365973e-05
active_power,16.0,23.0,,,,,,,0.0
active_power,17.0,23.0,,,,,,,0.0
active_power,18.0,23.0,,,,,,,0.0
active_power,19.0,23.0,,,,,,,4.154788425367365e-05
active_power,20.0,23.0,,,,,,,0.0
active_power,21.0,23.0,,,,,,,4.1547884253659776e-05
active_power,22.0,23.0,,,,,,,0.0
active_power,23.0,23.0,,,,,,,4.1547884253659776e-05
active_power,24.0,23.0,,,,,,,4.154788425365973e-05
reactive_power_k,1.0,23.0,Poppy,,,,,,0.0
reactive_power_k,1.0,23.0,Oxlip,,,,,,0.0
reactive_power_k,1.0,23.0,Daisy,,,,,,0.0
reactive_power_k,1.0,23.0,Tulip,,,,,,4.1547884253659776e-05
reactive_power_k,2.0,23.0,Poppy,,,,,,0.0
reactive_power_k,2.0,23.0,Oxlip,,,,,,0.0
reactive_power_k,2.0,23.0,Daisy,,,,,,0.0
reactive_power_k,2.0,23.0,Tulip,,,,,,4.1547884253659776e-05
reactive_power_k,3.0,23.0,Poppy,,,,,,0.0
reactive_power_k,3.0,23.0,Oxlip,,,,,,0.0
reactive_power_k,3.0,23.0,Daisy,,,,,,0.0
reactive_power_k,3.0,23.0,Tulip,,,,,,4.1547884253659776e-05
reactive_power_k,4.0,23.0,Poppy,,,,,,0.0
reactive_power_k,4.0,23.0,Oxlip,,,,,,0.0
reactive_power_k,4.0,23.0,Daisy,,,,,,0.0
reactive_power_k,4.0,23.0,Tulip,,,,,,4.1547884253659776e-05
reactive_power_k,5.0,23.0,Poppy,,,,,,0.0
reactive_power_k,5.0,23.0,Oxlip,,,,,,0.0
reactive_power_k,5.0,23.0,Daisy,,,,,,0.0
reactive_power_k,5.0,23.0,Tulip,,,,,,4.1547884253659776e-05
reactive_power_k,6.0,23.0,Poppy,,,,,,0.0
reactive_power_k,6.0,23.0,Oxlip,,,,,,0.0
reactive_power_k,6.0,23.0,Daisy,,,,,,0.0
reactive_power_k,6.0,23.0,Tulip,,,,,,4.1547884253659776e-05
reactive_power_k,7.0,23.0,Poppy,,,,,,0.0
reactive_power_k,7.0,23.0,Oxlip,,,,,,0.0
reactive_power_k,7.0,23.0,Daisy,,,,,,0.0
reactive_power_k,7.0,23.0,Tulip,,,,,,0.0
reactive_power_k,8.0,23.0,Poppy,,,,,,-0.0004758196633889
reactive_power_k,8.0,23.0,Oxlip,,,,,,0.0
reactive_power_k,8.0,23.0,Daisy,,,,,,0.0
reactive_power_k,8.0,23.0,Tulip,,,,,,4.1547884253659776e-05
reactive_power_k,9.0,23.0,Poppy,,,,,,-0.0004758196633889
reactive_power_k,9.0,23.0,Oxlip,,,,,,0.0
reactive_power_k,9.0,23.0,Daisy,,,,,,0.0
reactive_power_k,9.0,23.0,Tulip,,,,,,4.1547884253659776e-05
reactive_power_k,10.0,23.0,Poppy,,,,,,-0.0004758196633889
reactive_power_k,10.0,23.0,Oxlip,,,,,,0.0
reactive_power_k,10.0,23.0,Daisy,,,,,,0.0
reactive_power_k,10.0,23.0,Tulip,,,,,,4.1547884253659776e-05
reactive_power_k,11.0,23.0,Poppy,,,,,,0.0
reactive_power_k,11.0,23.0,Oxlip,,,,,,2.7512003658625368e-05
reactive_power_k,11.0,23.0,Daisy,,,,,,0.0
reactive_power_k,11.0,23.0,Tulip,,,,,,4.1547884253659776e-05
reactive_power_k,12.0,23.0,Poppy,,,,,,-0.0004342717791352
reactive_power_k,12.0,23.0,Oxlip,,,,,,0.0
reactive_power_k,12.0,23.0,Daisy,,,,,,0.0
reactive_power_k,12.0,23.0,Tulip,,,,,,0.0
reactive_power_k,13.0,23.0,Poppy,,,,,,-0.0003927238948816
reactive_power_k,13.0,23.0,Oxlip,,,,,,0.0
reactive_power_k,13.0,23.0,Daisy,,,,,,0.0
reactive_power_k,13.0,23.0,Tulip,,,,,,-4.1547884253659776e-05
reactive_power_k,14.0,23.0,Poppy,,,,,,-0.0004342717791352
reactive_power_k,14.0,23.0,Oxlip,,,,,,0.0
reactive_power_k,14.0,23.0,Daisy,,,,,,0.0
reactive_power_k,14.0,23.0,Tulip,,,,,,0.0
reactive_power_k,15.0,23.0,Poppy,,,,,,0.0
reactive_power_k,15.0,23.0,Oxlip,,,,,,0.0
reactive_power_k,15.0,23.0,Daisy,,,,,,0.0
reactive_power_k,15.0,23.0,Tulip,,,,,,0.0
reactive_power_k,16.0,23.0,Poppy,,,,,,0.0008691513087716
reactive_power_k,16.0,23.0,Oxlip,,,,,,0.0
reactive_power_k,16.0,23.0,Daisy,,,,,,0.0
reactive_power_k,16.0,23.0,Tulip,,,,,,4.1547884253659776e-05
reactive_power_k,17.0,23.0,Poppy,,,,,,0.0003927238948816
reactive_power_k,17.0,23.0,Oxlip,,,,,,0.0
reactive_power_k,17.0,23.0,Daisy,,,,,,0.0
reactive_power_k,17.0,23.0,Tulip,,,,,,4.1547884253659776e-05
reactive_power_k,18.0,23.0,Poppy,,,,,,0.0
reactive_power_k,18.0,23.0,Oxlip,,,,,,0.0
reactive_power_k,18.0,23.0,Daisy,,,,,,0.0
reactive_power_k,18.0,23.0,Tulip,,,,,,0.0
reactive_power_k,19.0,23.0,Poppy,,,,,,0.0
reactive_power_k,19.0,23.0,Oxlip,,,,,,0.0
reactive_power_k,19.0,23.0,Daisy,,,,,,0.0
reactive_power_k,19.0,23.0,Tulip,,,,,,4.1547884253659776e-05
reactive_power_k,20.0,23.0,Poppy,,,,,,0.0
reactive_power_k,20.0,23.0,Oxlip,,,,,,0.0
reactive_power_k,20.0,23.0,Daisy,,,,,,0.0
reactive_power_k,20.0,23.0,Tulip,,,,,,4.1547884253659776e-05
reactive_power_k,21.0,23.0,Poppy,,,,,,0.0
reactive_power_k,21.0,23.0,Oxlip,,,,,,0.0
reactive_power_k,21.0,23.0,Daisy,,,,,,0.0
reactive_power_k,21.0,23.0,Tulip,,,,,,4.1547884253659776e-05
reactive_power_k,22.0,23.0,Poppy,,,,,,0.0
reactive_power_k,22.0,23.0,Oxlip,,,,,,0.0
reactive_power_k,22.0,23.0,Daisy,,,,,,0.0
reactive_power_k,22.0,23.0,Tulip,,,,,,4.1547884253659776e-05
reactive_power_k,23.0,23.0,Poppy,,,,,,0.0
reactive_power_k,23.0,23.0,Oxlip,,,,,,0.0
reactive_power_k,23.0,23.0,Daisy,,,,,,0.0
reactive_power_k,23.0,23.0,Tulip,,,,,,4.1547884253659776e-05
reactive_power_k,24.0,23.0,Poppy,,,,,,0.0
reactive_power_k,24.0,23.0,Oxlip,,,,,,0.0
reactive_power_k,24.0,23.0,Daisy,,,,,,0.0
reactive_power_k,24.0,23.0,Tulip,,,,,,4.1547884253659776e-05
reactive_power,1.0,23.0,,,,,,,4.1547884253659776e-05
reactive_power,2.0,23.0,,,,,,,4.1547884253659776e-05
reactive_power,3.0,23.0,,,,,,,4.1547884253659776e-05
reactive_power,4.0,23.0,,,,,,,4.1547884253659776e-05
reactive_power,5.0,23.0,,,,,,,4.1547884253659776e-05
reactive_power,6.0,23.0,,,,,,,4.154788425367365e-05
reactive_power,7.0,23.0,,,,,,,0.0
reactive_power,8.0,23.0,,,,,,,-0.0004342717791352
reactive_power,9.0,23.0,,,,,,,-0.0004342717791352
reactive_power,10.0,23.0,,,,,,,-0.0004342717791352
reactive_power,11.0,23.0,,,,,,,6.905988791227127e-05
reactive_power,12.0,23.0,,,,,,,-0.0004342717791352
reactive_power,13.0,23.0,,,,,,,-0.0004342717791352
reactive_power,14.0,23.0,,,,,,,-0.0004342717791352
reactive_power,15.0,23.0,,,,,,,0.0
reactive_power,16.0,23.0,,,,,,,0.0009106991930253
reactive_power,17.0,23.0,,,,,,,0.0004342717791352
reactive_power,18.0,23.0,,,,,,,0.0
reactive_power,19.0,23.0,,,,,,,4.1547884253659776e-05
reactive_power,20.0,23.0,,,,,,,4.1547884253659776e-05
reactive_power,21.0,23.0,,,,,,,4.1547884253659776e-05
reactive_power,22.0,23.0,,,,,,,4.1547884253659776e-05
reactive_power,23.0,23.0,,,,,,,4.1547884253659776e-05
reactive_power,24.0,23.0,,,,,,,4.154788425365973e-05
fictitious_power_k,1.0,23.0,Poppy,,,,,,0.0
fictitious_power_k,1.0,23.0,Oxlip,,,,,,0.0
fictitious_power_k,1.0,23.0,Daisy,,,,,,0.0
fictitious_power_k,1.0,23.0,Tulip,,,,,,0.0
fictitious_power_k,2.0,23.0,Poppy,,,,,,0.0
fictitious_power_k,2.0,23.0,Oxlip,,,,,,0.0
fictitious_power_k,2.0,23.0,Daisy,,,,,,0.0
fictitious_power_k,2.0,23.0,Tulip,,,,,,0.0
fictitious_power_k,3.0,23.0,Poppy,,,,,,0.0
fictitious_power_k,3.0,23.0,Oxlip,,,,,,0.0
fictitious_power_k,3.0,23.0,Daisy,,,,,,0.0
fictitious_power_k,3.0,23.0,Tulip,,,,,,0.0
fictitious_power_k,4.0,23.0,Poppy,,,,,,0.0
fictitious_power_k,4.0,23.0,Oxlip,,,,,,0.0
fictitious_power_k,4.0,23.0,Daisy,,,,,,0.0
fictitious_power_k,4.0,23.0,Tulip,,,,,,0.0
fictitious_power_k,5.0,23.0,Poppy,,,,,,0.0
fictitious_power_k,5.0,23.0,Oxlip,,,,,,0.0
fictitious_power_k,5.0,23.0,Daisy,,,,,,0.0
fictitious_power_k,5.0,23.0,Tulip,,,,,,0.0
fictitious_power_k,6.0,23.0,Poppy,,,,,,0.0
fictitious_power_k,6.0,23.0,Oxlip,,,,,,0.0
fictitious_power_k,6.0,23.0,Daisy,,,,,,0.0
fictitious_power_k,6.0,23.0,Tulip,,,,,,0.0
fictitious_power_k,7.0,23.0,Poppy,,,,,,0.0
fictitious_power_k,7.0,23.0,Oxlip,,,,,,0.0
fictitious_power_k,7.0,23.0,Daisy,,,,,,0.0
fictitious_power_k,7.0,23.0,Tulip,,,,,,0.0
fictitious_power_k,8.0,23.0,Poppy,,,,,,0.0
fictitious_power_k,8.0,23.0,Oxlip,,,,,,0.0
fictitious_power_k,8.0,23.0,Daisy,,,,,,0.0
fictitious_power_k,8.0,23.0,Tulip,,,,,,0.0
fictitious_power_k,9.0,23.0,Poppy,,,,,,0.0
fictitious_power_k,9.0,23.0,Oxlip,,,,,,0.0
fictitious_power_k,9.0,23.0,Daisy,,,,,,0.0
fictitious_power_k,9.0,23.0,Tulip,,,,,,0.0
fictitious_power_k,10.0,23.0,Poppy,,,,,,0.0
fictitious_power_k,10.0,23.0,Oxlip,,,,,,0.0
fictitious_power_k,10.0,23.0,Daisy,,,,,,0.0
fictitious_power_k,10.0,23.0,Tulip,,,,,,0.0
fictitious_power_k,11.0,23.0,Poppy,,,,,,0.0
fictitious_power_k,11.0,23.0,Oxlip,,,,,,0.0
fictitious_power_k,11.0,23.0,Daisy,,,,,,0.0
fictitious_power_k,11.0,23.0,Tulip,,,,,,0.0
fictitious_power_k,12.0,23.0,Poppy,,,,,,0.0
fictitious_power_k,12.0,23.0,Oxlip,,,,,,0.0
fictitious_power_k,12.0,23.0,Daisy,,,,,,0.0
fictitious_power_k,12.0,23.0,Tulip,,,,,,0.0
fictitious_power_k,13.0,23.0,Poppy,,,,,,0.0
fictitious_power_k,13.0,23.0,Oxlip,,,,,,0.0
fictitious_power_k,13.0,23.0,Daisy,,,,,,0.0
fictitious_power_k,13.0,23.0,Tulip,,,,,,0.0
fictitious_power_k,14.0,23.0,Poppy,,,,,,0.0
fictitious_power_k,14.0,23.0,Oxlip,,,,,,0.0
fictitious_power_k,14.0,23.0,Daisy,,,,,,0.0
fictitious_power_k,14.0,23.0,Tulip,,,,,,0.0
fictitious_power_k,15.0,23.0,Poppy,,,,,,0.0
fictitious_power_k,15.0,23.0,Oxlip,,,,,,0.0
fictitious_power_k,15.0,23.0,Daisy,,,,,,0.0
fictitious_power_k,15.0,23.0,Tulip,,,,,,0.0
fictitious_power_k,16.0,23.0,Poppy,,,,,,0.0
fictitious_power_k,16.0,23.0,Oxlip,,,,,,0.0
fictitious_power_k,16.0,23.0,Daisy,,,,,,0.0
fictitious_power_k,16.0,23.0,Tulip,,,,,,0.0
fictitious_power_k,17.0,23.0,Poppy,,,,,,0.0
fictitious_power_k,17.0,23.0,Oxlip,,,,,,0.0
fictitious_power_k,17.0,23.0,Daisy,,,,,,0.0
fictitious_power_k,17.0,23.0,Tulip,,,,,,0.0
fictitious_power_k,18.0,23.0,Poppy,,,,,,0.0
fictitious_power_k,18.0,23.0,Oxlip,,,,,,0.0
fictitious_power_k,18.0,23.0,Daisy,,,,,,0.0
fictitious_power_k,18.0,23.0,Tulip,,,,,,0.0
fictitious_power_k,19.0,23.0,Poppy,,,,,,0.0
fictitious_power_k,19.0,23.0,Oxlip,,,,,,0.0
fictitious_power_k,19.0,23.0,Daisy,,,,,,0.0
fictitious_power_k,19.0,23.0,Tulip,,,,,,0.0
fictitious_power_k,20.0,23.0,Poppy,,,,,,0.0
fictitious_power_k,20.0,23.0,Oxlip,,,,,,0.0
fictitious_power_k,20.0,23.0,Daisy,,,,,,0.0
fictitious_power_k,20.0,23.0,Tulip,,,,,,0.0
fictitious_power_k,21.0,23.0,Poppy,,,,,,0.0
fictitious_power_k,21.0,23.0,Oxlip,,,,,,0.0
fictitious_power_k,21.0,23.0,Daisy,,,,,,0.0
fictitious_power_k,21.0,23.0,Tulip,,,,,,0.0
fictitious_power_k,22.0,23.0,Poppy,,,,,,0.0
fictitious_power_k,22.0,23.0,Oxlip,,,,,,0.0
fictitious_power_k,22.0,23.0,Daisy,,,,,,0.0
fictitious_power_k,22.0,23.0,Tulip,,,,,,0.0
fictitious_power_k,23.0,23.0,Poppy,,,,,,0.0
fictitious_power_k,23.0,23.0,Oxlip,,,,,,0.0
fictitious_power_k,23.0,23.0,Daisy,,,,,,0.0
fictitious_power_k,23.0,23.0,Tulip,,,,,,0.0
fictitious_power_k,24.0,23.0,Poppy,,,,,,0.0
fictitious_power_k,24.0,23.0,Oxlip,,,,,,0.0
fictitious_power_k,24.0,23.0,Daisy,,,,,,0.0
fictitious_power_k,24.0,23.0,Tulip,,,,,,0.0
fictitious_power,1.0,23.0,,,,,,,0.0
fictitious_power,2.0,23.0,,,,,,,0.0
fictitious_power,3.0,23.0,,,,,,,0.0
fictitious_power,4.0,23.0,,,,,,,0.0
fictitious_power,5.0,23.0,,,,,,,0.0
fictitious_power,6.0,23.0,,,,,,,0.0
fictitious_power,7.0,23.0,,,,,,,0.0
fictitious_power,8.0,23.0,,,,,,,0.0
fictitious_power,9.0,23.0,,,,,,,0.0
fictitious_power,10.0,23.0,,,,,,,0.0
fictitious_power,11.0,23.0,,,,,,,0.0
fictitious_power,12.0,23.0,,,,,,,0.0
fictitious_power,13.0,23.0,,,,,,,0.0
fictitious_power,14.0,23.0,,,,,,,0.0
fictitious_power,15.0,23.0,,,,,,,0.0
fictitious_power,16.0,23.0,,,,,,,0.0
fictitious_power,17.0,23.0,,,,,,,0.0
fictitious_power,18.0,23.0,,,,,,,0.0
fictitious_power,19.0,23.0,,,,,,,0.0
fictitious_power,20.0,23.0,,,,,,,0.0
fictitious_power,21.0,23.0,,,,,,,0.0
fictitious_power,22.0,23.0,,,,,,,0.0
fictitious_power,23.0,23.0,,,,,,,0.0
fictitious_power,24.0,23.0,,,,,,,0.0
active_power_plus,1.0,23.0,,,,,,,0.0
active_power_plus,2.0,23.0,,,,,,,0.0
active_power_plus,3.0,23.0,,,,,,,4.1547884253659776e-05
active_power_plus,4.0,23.0,,,,,,,0.0
active_power_plus,5.0,23.0,,,,,,,0.0
active_power_plus,6.0,23.0,,,,,,,0.00014904615798
active_power_plus,7.0,23.0,,,,,,,0.0
active_power_plus,8.0,23.0,,,,,,,0.0
active_power_plus,9.0,23.0,,,,,,,0.0
active_power_plus,10.0,23.0,,,,,,,0.0
active_power_plus,11.0,23.0,,,,,,,0.00073733589118
active_power_plus,12.0,23.0,,,,,,,0.0
active_power_plus,13.0,23.0,,,,,,,0.0
active_power_plus,14.0,23.0,,,,,,,0.0
active_power_plus,15.0,23.0,,,,,,,0.0008981031517466
active_power_plus,16.0,23.0,,,,,,,0.0
active_power_plus,17.0,23.0,,,,,,,0.0
active_power_plus,18.0,23.0,,,,,,,0.0
active_power_plus,19.0,23.0,,,,,,,4.154788425367365e-05
active_power_plus,20.0,23.0,,,,,,,0.0
active_power_plus,21.0,23.0,,,,,,,4.1547884253659776e-05
active_power_plus,22.0,23.0,,,,,,,0.0
active_power_plus,23.0,23.0,,,,,,,4.1547884253659776e-05
active_power_plus,24.0,23.0,,,,,,,0.0009396510360003
reactive_power_plus,1.0,23.0,,,,,,,4.1547884253659776e-05
reactive_power_plus,2.0,23.0,,,,,,,4.1547884253659776e-05
reactive_power_plus,3.0,23.0,,,,,,,4.1547884253659776e-05
reactive_power_plus,4.0,23.0,,,,,,,4.1547884253659776e-05
reactive_power_plus,5.0,23.0,,,,,,,4.1547884253659776e-05
reactive_power_plus,6.0,23.0,,,,,,,4.154788425367365e-05
reactive_power_plus,7.0,23.0,,,,,,,0.0016769869271804
reactive_power_plus,8.0,23.0,,,,,,,0.0
reactive_power_plus,9.0,23.0,,,,,,,0.0
reactive_power_plus,10.0,23.0,,,,,,,0.0
reactive_power_plus,11.0,23.0,,,,,,,3.452994395613564e-05
reactive_power_plus,12.0,23.0,,,,,,,0.0
reactive_power_plus,13.0,23.0,,,,,,,0.0
reactive_power_plus,14.0,23.0,,,,,,,0.0
reactive_power_plus,15.0,23.0,,,,,,,0.0009188770938735
reactive_power_plus,16.0,23.0,,,,,,,0.0006724854860802
reactive_power_plus,17.0,23.0,,,,,,,0.0004342717791352
reactive_power_plus,18.0,23.0,,,,,,,0.0
reactive_power_plus,19.0,23.0,,,,,,,4.1547884253659776e-05
reactive_power_plus,20.0,23.0,,,,,,,4.1547884253659776e-05
reactive_power_plus,21.0,23.0,,,,,,,4.1547884253659776e-05
reactive_power_plus,22.0,23.0,,,,,,,2.0773942126829888e-05
reactive_power_plus,23.0,23.0,,,,,,,4.1547884253659776e-05
reactive_power_plus,24.0,23.0,,,,,,,0.0006614315268612
active_power_minus,1.0,23.0,,,,,,,0.0
active_power_minus,2.0,23.0,,,,,,,0.0
active_power_minus,3.0,23.0,,,,,,,0.0
active_power_minus,4.0,23.0,,,,,,,0.0
active_power_minus,5.0,23.0,,,,,,,0.0
active_power_minus,6.0,23.0,,,,,,,-0.0001484579226859
active_power_minus,7.0,23.0,,,,,,,0.0
active_power_minus,8.0,23.0,,,,,,,4.1547884253659776e-05
active_power_minus,9.0,23.0,,,,,,,4.1547884253659776e-05
active_power_minus,10.0,23.0,,,,,,,4.1547884253659776e-05
active_power_minus,11.0,23.0,,,,,,,0.0007788837754337
active_power_minus,12.0,23.0,,,,,,,4.1547884253659776e-05
active_power_minus,13.0,23.0,,,,,,,4.1547884253659776e-05
active_power_minus,14.0,23.0,,,,,,,4.1547884253659776e-05
active_power_minus,15.0,23.0,,,,,,,0.0009396510360003
active_power_minus,16.0,23.0,,,,,,,0.0
active_power_minus,17.0,23.0,,,,,,,0.0
active_power_minus,18.0,23.0,,,,,,,0.0
active_power_minus,19.0,23.0,,,,,,,0.0
active_power_minus,20.0,23.0,,,,,,,0.0
active_power_minus,21.0,23.0,,,,,,,0.0
active_power_minus,22.0,23.0,,,,,,,0.0
active_power_minus,23.0,23.0,,,,,,,0.0
active_power_minus,24.0,23.0,,,,,,,0.0008981031517466
reactive_power_minus,1.0,23.0,,,,,,,0.0
reactive_power_minus,2.0,23.0,,,,,,,0.0
reactive_power_minus,3.0,23.0,,,,,,,0.0
reactive_power_minus,4.0,23.0,,,,,,,0.0
reactive_power_minus,5.0,23.0,,,,,,,0.0
reactive_power_minus,6.0,23.0,,,,,,,0.0
reactive_power_minus,7.0,23.0,,,,,,,0.0016769869271804
reactive_power_minus,8.0,23.0,,,,,,,0.0004342717791352
reactive_power_minus,9.0,23.0,,,,,,,0.0004342717791352
reactive_power_minus,10.0,23.0,,,,,,,0.0004342717791352
reactive_power_minus,11.0,23.0,,,,,,,-3.394170866201799e-05
reactive_power_minus,12.0,23.0,,,,,,,0.0004342717791352
reactive_power_minus,13.0,23.0,,,,,,,0.0004342717791352
reactive_power_minus,14.0,23.0,,,,,,,0.0004342717791352
reactive_power_minus,15.0,23.0,,,,,,,0.0009188770938735
reactive_power_minus,16.0,23.0,,,,,,,-0.0002376254716509
reactive_power_minus,17.0,23.0,,,,,,,0.0
reactive_power_minus,18.0,23.0,,,,,,,0.0
reactive_power_minus,19.0,23.0,,,,,,,0.0
reactive_power_minus,20.0,23.0,,,,,,,0.0
reactive_power_minus,21.0,23.0,,,,,,,0.0
reactive_power_minus,22.0,23.0,,,,,,,-2.018570683271224e-05
reactive_power_minus,23.0,23.0,,,,,,,0.0
reactive_power_minus,24.0,23.0,,,,,,,0.0006198836426075
active_power_discr,1.0,23.0,,,,,,1.0,0.0
active_power_discr,1.0,23.0,,,,,,2.0,0.0
active_power_discr,1.0,23.0,,,,,,3.0,0.0
active_power_discr,1.0,23.0,,,,,,4.0,0.0
active_power_discr,1.0,23.0,,,,,,5.0,0.0
active_power_discr,1.0,23.0,,,,,,6.0,0.0
active_power_discr,1.0,23.0,,,,,,7.0,0.0
active_power_discr,1.0,23.0,,,,,,8.0,0.0
active_power_discr,1.0,23.0,,,,,,9.0,0.0
active_power_discr,1.0,23.0,,,,,,10.0,0.0
active_power_discr,1.0,23.0,,,,,,11.0,0.0
active_power_discr,1.0,23.0,,,,,,12.0,0.0
active_power_discr,1.0,23.0,,,,,,13.0,0.0
active_power_discr,1.0,23.0,,,,,,14.0,0.0
active_power_discr,1.0,23.0,,,,,,15.0,0.0
active_power_discr,2.0,23.0,,,,,,1.0,0.0
active_power_discr,2.0,23.0,,,,,,2.0,0.0
active_power_discr,2.0,23.0,,,,,,3.0,0.0
active_power_discr,2.0,23.0,,,,,,4.0,0.0
active_power_discr,2.0,23.0,,,,,,5.0,0.0
active_power_discr,2.0,23.0,,,,,,6.0,0.0
active_power_discr,2.0,23.0,,,,,,7.0,0.0
active_power_discr,2.0,23.0,,,,,,8.0,0.0
active_power_discr,2.0,23.0,,,,,,9.0,0.0
active_power_discr,2.0,23.0,,,,,,10.0,0.0
active_power_discr,2.0,23.0,,,,,,11.0,0.0
active_power_discr,2.0,23.0,,,,,,12.0,0.0
active_power_discr,2.0,23.0,,,,,,13.0,0.0
active_power_discr,2.0,23.0,,,,,,14.0,0.0
active_power_discr,2.0,23.0,,,,,,15.0,0.0
active_power_discr,3.0,23.0,,,,,,1.0,4.1547884253659776e-05
active_power_discr,3.0,23.0,,,,,,2.0,0.0
active_power_discr,3.0,23.0,,,,,,3.0,0.0
active_power_discr,3.0,23.0,,,,,,4.0,0.0
active_power_discr,3.0,23.0,,,,,,5.0,0.0
active_power_discr,3.0,23.0,,,,,,6.0,0.0
active_power_discr,3.0,23.0,,,,,,7.0,0.0
active_power_discr,3.0,23.0,,,,,,8.0,0.0
active_power_discr,3.0,23.0,,,,,,9.0,0.0
active_power_discr,3.0,23.0,,,,,,10.0,0.0
active_power_discr,3.0,23.0,,,,,,11.0,0.0
active_power_discr,3.0,23.0,,,,,,12.0,0.0
active_power_discr,3.0,23.0,,,,,,13.0,0.0
active_power_discr,3.0,23.0,,,,,,14.0,0.0
active_power_discr,3.0,23.0,,,,,,15.0,0.0
active_power_discr,4.0,23.0,,,,,,1.0,0.0
active_power_discr,4.0,23.0,,,,,,2.0,0.0
active_power_discr,4.0,23.0,,,,,,3.0,0.0
active_power_discr,4.0,23.0,,,,,,4.0,0.0
active_power_discr,4.0,23.0,,,,,,5.0,0.0
active_power_discr,4.0,23.0,,,,,,6.0,0.0
active_power_discr,4.0,23.0,,,,,,7.0,0.0
active_power_discr,4.0,23.0,,,,,,8.0,0.0
active_power_discr,4.0,23.0,,,,,,9.0,0.0
active_power_discr,4.0,23.0,,,,,,10.0,0.0
active_power_discr,4.0,23.0,,,,,,11.0,0.0
active_power_discr,4.0,23.0,,,,,,12.0,0.0
active_power_discr,4.0,23.0,,,,,,13.0,0.0
active_power_discr,4.0,23.0,,,,,,14.0,0.0
active_power_discr,4.0,23.0,,,,,,15.0,0.0
active_power_discr,5.0,23.0,,,,,,1.0,0.0
active_power_discr,5.0,23.0,,,,,,2.0,0.0
active_power_discr,5.0,23.0,,,,,,3.0,0.0
active_power_discr,5.0,23.0,,,,,,4.0,0.0
active_power_discr,5.0,23.0,,,,,,5.0,0.0
active_power_discr,5.0,23.0,,,,,,6.0,0.0
active_power_discr,5.0,23.0,,,,,,7.0,0.0
active_power_discr,5.0,23.0,,,,,,8.0,0.0
active_power_discr,5.0,23.0,,,,,,9.0,0.0
active_power_discr,5.0,23.0,,,,,,10.0,0.0
active_power_discr,5.0,23.0,,,,,,11.0,0.0
active_power_discr,5.0,23.0,,,,,,12.0,0.0
active_power_discr,5.0,23.0,,,,,,13.0,0.0
active_power_discr,5.0,23.0,,,,,,14.0,0.0
active_power_discr,5.0,23.0,,,,,,15.0,0.0
active_power_discr,6.0,23.0,,,,,,1.0,0.0
active_power_discr,6.0,23.0,,,,,,2.0,0.0
active_power_discr,6.0,23.0,,,,,,3.0,0.0
active_power_discr,6.0,23.0,,,,,,4.0,0.0
active_power_discr,6.0,23.0,,,,,,5.0,0.0
active_power_discr,6.0,23.0,,,,,,6.0,0.0
active_power_discr,6.0,23.0,,,,,,7.0,0.0
active_power_discr,6.0,23.0,,,,,,8.0,0.0
active_power_discr,6.0,23.0,,,,,,9.0,0.0
active_power_discr,6.0,23.0,,,,,,10.0,0.0
active_power_discr,6.0,23.0,,,,,,11.0,0.0
active_power_discr,6.0,23.0,,,,,,12.0,0.0
active_power_discr,6.0,23.0,,,,,,13.0,0.0
active_power_discr,6.0,23.0,,,,,,14.0,0.0
active_power_discr,6.0,23.0,,,,,,15.0,0.0
active_power_discr,7.0,23.0,,,,,,1.0,0.0
active_power_discr,7.0,23.0,,,,,,2.0,0.0
active_power_discr,7.0,23.0,,,,,,3.0,0.0
active_power_discr,7.0,23.0,,,,,,4.0,0.0
active_power_discr,7.0,23.0,,,,,,5.0,0.0
active_power_discr,7.0,23.0,,,,,,6.0,0.0
active_power_discr,7.0,23.0,,,,,,7.0,0.0
active_power_discr,7.0,23.0,,,,,,8.0,0.0
active_power_discr,7.0,23.0,,,,,,9.0,0.0
active_power_discr,7.0,23.0,,,,,,10.0,0.0
active_power_discr,7.0,23.0,,,,,,11.0,0.0
active_power_discr,7.0,23.0,,,,,,12.0,0.0
active_power_discr,7.0,23.0,,,,,,13.0,0.0
active_power_discr,7.0,23.0,,,,,,14.0,0.0
active_power_discr,7.0,23.0,,,,,,15.0,0.0
active_power_discr,8.0,23.0,,,,,,1.0,4.1547884253659776e-05
active_power_discr,8.0,23.0,,,,,,2.0,0.0
active_power_discr,8.0,23.0,,,,,,3.0,0.0
active_power_discr,8.0,23.0,,,,,,4.0,0.0
active_power_discr,8.0,23.0,,,,,,5.0,0.0
active_power_discr,8.0,23.0,,,,,,6.0,0.0
active_power_discr,8.0,23.0,,,,,,7.0,0.0
active_power_discr,8.0,23.0,,,,,,8.0,0.0
active_power_discr,8.0,23.0,,,,,,9.0,0.0
active_power_discr,8.0,23.0,,,,,,10.0,0.0
active_power_discr,8.0,23.0,,,,,,11.0,0.0
active_power_discr,8.0,23.0,,,,,,12.0,0.0
active_power_discr,8.0,23.0,,,,,,13.0,0.0
active_power_discr,8.0,23.0,,,,,,14.0,0.0
active_power_discr,8.0,23.0,,,,,,15.0,0.0
active_power_discr,9.0,23.0,,,,,,1.0,4.1547884253659776e-05
active_power_discr,9.0,23.0,,,,,,2.0,0.0
active_power_discr,9.0,23.0,,,,,,3.0,0.0
active_power_discr,9.0,23.0,,,,,,4.0,0.0
active_power_discr,9.0,23.0,,,,,,5.0,0.0
active_power_discr,9.0,23.0,,,,,,6.0,0.0
active_power_discr,9.0,23.0,,,,,,7.0,0.0
active_power_discr,9.0,23.0,,,,,,8.0,0.0
active_power_discr,9.0,23.0,,,,,,9.0,0.0
active_power_discr,9.0,23.0,,,,,,10.0,0.0
active_power_discr,9.0,23.0,,,,,,11.0,0.0
active_power_discr,9.0,23.0,,,,,,12.0,0.0
active_power_discr,9.0,23.0,,,,,,13.0,0.0
active_power_discr,9.0,23.0,,,,,,14.0,0.0
active_power_discr,9.0,23.0,,,,,,15.0,0.0
active_power_discr,10.0,23.0,,,,,,1.0,4.1547884253659776e-05
active_power_discr,10.0,23.0,,,,,,2.0,0.0
active_power_discr,10.0,23.0,,,,,,3.0,0.0
active_power_discr,10.0,23.0,,,,,,4.0,0.0
active_power_discr,10.0,23.0,,,,,,5.0,0.0
active_power_discr,10.0,23.0,,,,,,6.0,0.0
active_power_discr,10.0,23.0,,,,,,7.0,0.0
active_power_discr,10.0,23.0,,,,,,8.0,0.0
active_power_discr,10.0,23.0,,,,,,9.0,0.0
active_power_discr,10.0,23.0,,,,,,10.0,0.0
active_power_discr,10.0,23.0,,,,,,11.0,0.0
active_power_discr,10.0,23.0,,,,,,12.0,0.0
active_power_discr,10.0,23.0,,,,,,13.0,0.0
active_power_discr,10.0,23.0,,,,,,14.0,0.0
active_power_discr,10.0,23.0,,,,,,15.0,0.0
active_power_discr,11.0,23.0,,,,,,1.0,0.0
active_power_discr,11.0,23.0,,,,,,2.0,0.0006228637572885
active_power_discr,11.0,23.0,,,,,,3.0,0.0008933559093251
active_power_discr,11.0,23.0,,,,,,4.0,0.0
active_power_discr,11.0,23.0,,,,,,5.0,0.0
active_power_discr,11.0,23.0,,,,,,6.0,0.0
active_power_discr,11.0,23.0,,,,,,7.0,0.0
active_power_discr,11.0,23.0,,,,,,8.0,0.0
active_power_discr,11.0,23.0,,,,,,9.0,0.0
active_power_discr,11.0,23.0,,,,,,10.0,0.0
active_power_discr,11.0,23.0,,,,,,11.0,0.0
active_power_discr,11.0,23.0,,,,,,12.0,0.0
active_power_discr,11.0,23.0,,,,,,13.0,0.0
active_power_discr,11.0,23.0,,,,,,14.0,0.0
active_power_discr,11.0,23.0,,,,,,15.0,0.0
active_power_discr,12.0,23.0,,,,,,1.0,4.1547884253659776e-05
active_power_discr,12.0,23.0,,,,,,2.0,0.0
active_power_discr,12.0,23.0,,,,,,3.0,0.0
active_power_discr,12.0,23.0,,,,,,4.0,0.0
active_power_discr,12.0,23.0,,,,,,5.0,0.0
active_power_discr,12.0,23.0,,,,,,6.0,0.0
active_power_discr,12.0,23.0,,,,,,7.0,0.0
active_power_discr,12.0,23.0,,,,,,8.0,0.0
active_power_discr,12.0,23.0,,,,,,9.0,0.0
active_power_discr,12.0,23.0,,,,,,10.0,0.0
active_power_discr,12.0,23.0,,,,,,11.0,0.0
active_power_discr,12.0,23.0,,,,,,12.0,0.0
active_power_discr,12.0,23.0,,,,,,13.0,0.0
active_power_discr,12.0,23.0,,,,,,14.0,0.0
active_power_discr,12.0,23.0,,,,,,15.0,0.0
active_power_discr,13.0,23.0,,,,,,1.0,4.1547884253659776e-05
active_power_discr,13.0,23.0,,,,,,2.0,0.0
active_power_discr,13.0,23.0,,,,,,3.0,0.0
active_power_discr,13.0,23.0,,,,,,4.0,0.0
active_power_discr,13.0,23.0,,,,,,5.0,0.0
active_power_discr,13.0,23.0,,,,,,6.0,0.0
active_power_discr,13.0,23.0,,,,,,7.0,0.0
active_power_discr,13.0,23.0,,,,,,8.0,0.0
active_power_discr,13.0,23.0,,,,,,9.0,0.0
active_power_discr,13.0,23.0,,,,,,10.0,0.0
active_power_discr,13.0,23.0,,,,,,11.0,0.0
active_power_discr,13.0,23.0,,,,,,12.0,0.0
active_power_discr,13.0,23.0,,,,,,13.0,0.0
active_power_discr,13.0,23.0,,,,,,14.0,0.0
active_power_discr,13.0,23.0,,,,,,15.0,0.0
active_power_discr,14.0,23.0,,,,,,1.0,4.1547884253659776e-05
active_power_discr,14.0,23.0,,,,,,2.0,0.0
active_power_discr,14.0,23.0,,,,,,3.0,0.0
active_power_discr,14.0,23.0,,,,,,4.0,0.0
active_power_discr,14.0,23.0,,,,,,5.0,0.0
active_power_discr,14.0,23.0,,,,,,6.0,0.0
active_power_discr,14.0,23.0,,,,,,7.0,0.0
active_power_discr,14.0,23.0,,,,,,8.0,0.0
active_power_discr,14.0,23.0,,,,,,9.0,0.0
active_power_discr,14.0,23.0,,,,,,10.0,0.0
active_power_discr,14.0,23.0,,,,,,11.0,0.0
active_power_discr,14.0,23.0,,,,,,12.0,0.0
active_power_discr,14.0,23.0,,,,,,13.0,0.0
active_power_discr,14.0,23.0,,,,,,14.0,0.0
active_power_discr,14.0,23.0,,,,,,15.0,0.0
active_power_discr,15.0,23.0,,,,,,1.0,0.0
active_power_discr,15.0,23.0,,,,,,2.0,0.0
active_power_discr,15.0,23.0,,,,,,3.0,0.0
active_power_discr,15.0,23.0,,,,,,4.0,0.0
active_power_discr,15.0,23.0,,,,,,5.0,0.001837754187747
active_power_discr,15.0,23.0,,,,,,6.0,0.0
active_power_discr,15.0,23.0,,,,,,7.0,0.0
active_power_discr,15.0,23.0,,,,,,8.0,0.0
active_power_discr,15.0,23.0,,,,,,9.0,0.0
active_power_discr,15.0,23.0,,,,,,10.0,0.0
active_power_discr,15.0,23.0,,,,,,11.0,0.0
active_power_discr,15.0,23.0,,,,,,12.0,0.0
active_power_discr,15.0,23.0,,,,,,13.0,0.0
active_power_discr,15.0,23.0,,,,,,14.0,0.0
active_power_discr,15.0,23.0,,,,,,15.0,0.0
active_power_discr,16.0,23.0,,,,,,1.0,0.0
active_power_discr,16.0,23.0,,,,,,2.0,0.0
active_power_discr,16.0,23.0,,,,,,3.0,0.0
active_power_discr,16.0,23.0,,,,,,4.0,0.0
active_power_discr,16.0,23.0,,,,,,5.0,0.0
active_power_discr,16.0,23.0,,,,,,6.0,0.0
active_power_discr,16.0,23.0,,,,,,7.0,0.0
active_power_discr,16.0,23.0,,,,,,8.0,0.0
active_power_discr,16.0,23.0,,,,,,9.0,0.0
active_power_discr,16.0,23.0,,,,,,10.0,0.0
active_power_discr,16.0,23.0,,,,,,11.0,0.0
active_power_discr,16.0,23.0,,,,,,12.0,0.0
active_power_discr,16.0,23.0,,,,,,13.0,0.0
active_power_discr,16.0,23.0,,,,,,14.0,0.0
active_power_discr,16.0,23.0,,,,,,15.0,0.0
active_power_discr,17.0,23.0,,,,,,1.0,0.0
active_power_discr,17.0,23.0,,,,,,2.0,0.0
active_power_discr,17.0,23.0,,,,,,3.0,0.0
active_power_discr,17.0,23.0,,,,,,4.0,0.0
active_power_discr,17.0,23.0,,,,,,5.0,0.0
active_power_discr,17.0,23.0,,,,,,6.0,0.0
active_power_discr,17.0,23.0,,,,,,7.0,0.0
active_power_discr,17.0,23.0,,,,,,8.0,0.0
active_power_discr,17.0,23.0,,,,,,9.0,0.0
active_power_discr,17.0,23.0,,,,,,10.0,0.0
active_power_discr,17.0,23.0,,,,,,11.0,0.0
active_power_discr,17.0,23.0,,,,,,12.0,0.0
active_power_discr,17.0,23.0,,,,,,13.0,0.0
active_power_discr,17.0,23.0,,,,,,14.0,0.0
active_power_discr,17.0,23.0,,,,,,15.0,0.0
active_power_discr,18.0,23.0,,,,,,1.0,0.0
active_power_discr,18.0,23.0,,,,,,2.0,0.0
active_power_discr,18.0,23.0,,,,,,3.0,0.0
active_power_discr,18.0,23.0,,,,,,4.0,0.0
active_power_discr,18.0,23.0,,,,,,5.0,0.0
active_power_discr,18.0,23.0,,,,,,6.0,0.0
active_power_discr,18.0,23.0,,,,,,7.0,0.0
active_power_discr,18.0,23.0,,,,,,8.0,0.0
active_power_discr,18.0,23.0,,,,,,9.0,0.0
active_power_discr,18.0,23.0,,,,,,10.0,0.0
active_power_discr,18.0,23.0,,,,,,11.0,0.0
active_power_discr,18.0,23.0,,,,,,12.0,0.0
active_power_discr,18.0,23.0,,,,,,13.0,0.0
active_power_discr,18.0,23.0,,,,,,14.0,0.0
active_power_discr,18.0,23.0,,,,,,15.0,0.0
active_power_discr,19.0,23.0,,,,,,1.0,4.154788425367365e-05
active_power_discr,19.0,23.0,,,,,,2.0,0.0
active_power_discr,19.0,23.0,,,,,,3.0,0.0
active_power_discr,19.0,23.0,,,,,,4.0,0.0
active_power_discr,19.0,23.0,,,,,,5.0,0.0
active_power_discr,19.0,23.0,,,,,,6.0,0.0
active_power_discr,19.0,23.0,,,,,,7.0,0.0
active_power_discr,19.0,23.0,,,,,,8.0,0.0
active_power_discr,19.0,23.0,,,,,,9.0,0.0
active_power_discr,19.0,23.0,,,,,,10.0,0.0
active_power_discr,19.0,23.0,,,,,,11.0,0.0
active_power_discr,19.0,23.0,,,,,,12.0,0.0
active_power_discr,19.0,23.0,,,,,,13.0,0.0
active_power_discr,19.0,23.0,,,,,,14.0,0.0
active_power_discr,19.0,23.0,,,,,,15.0,0.0
active_power_discr,20.0,23.0,,,,,,1.0,0.0
active_power_discr,20.0,23.0,,,,,,2.0,0.0
active_power_discr,20.0,23.0,,,,,,3.0,0.0
active_power_discr,20.0,23.0,,,,,,4.0,0.0
active_power_discr,20.0,23.0,,,,,,5.0,0.0
active_power_discr,20.0,23.0,,,,,,6.0,0.0
active_power_discr,20.0,23.0,,,,,,7.0,0.0
active_power_discr,20.0,23.0,,,,,,8.0,0.0
active_power_discr,20.0,23.0,,,,,,9.0,0.0
active_power_discr,20.0,23.0,,,,,,10.0,0.0
active_power_discr,20.0,23.0,,,,,,11.0,0.0
active_power_discr,20.0,23.0,,,,,,12.0,0.0
active_power_discr,20.0,23.0,,,,,,13.0,0.0
active_power_discr,20.0,23.0,,,,,,14.0,0.0
active_power_discr,20.0,23.0,,,,,,15.0,0.0
active_power_discr,21.0,23.0,,,,,,1.0,4.1547884253659776e-05
active_power_discr,21.0,23.0,,,,,,2.0,0.0
active_power_discr,21.0,23.0,,,,,,3.0,0.0
active_power_discr,21.0,23.0,,,,,,4.0,0.0
active_power_discr,21.0,23.0,,,,,,5.0,0.0
active_power_discr,21.0,23.0,,,,,,6.0,0.0
active_power_discr,21.0,23.0,,,,,,7.0,0.0
active_power_discr,21.0,23.0,,,,,,8.0,0.0
active_power_discr,21.0,23.0,,,,,,9.0,0.0
active_power_discr,21.0,23.0,,,,,,10.0,0.0
active_power_discr,21.0,23.0,,,,,,11.0,0.0
active_power_discr,21.0,23.0,,,,,,12.0,0.0
active_power_discr,21.0,23.0,,,,,,13.0,0.0
active_power_discr,21.0,23.0,,,,,,14.0,0.0
active_power_discr,21.0,23.0,,,,,,15.0,0.0
active_power_discr,22.0,23.0,,,,,,1.0,0.0
active_power_discr,22.0,23.0,,,,,,2.0,0.0
active_power_discr,22.0,23.0,,,,,,3.0,0.0
active_power_discr,22.0,23.0,,,,,,4.0,0.0
active_power_discr,22.0,23.0,,,,,,5.0,0.0
active_power_discr,22.0,23.0,,,,,,6.0,0.0
active_power_discr,22.0,23.0,,,,,,7.0,0.0
active_power_discr,22.0,23.0,,,,,,8.0,0.0
active_power_discr,22.0,23.0,,,,,,9.0,0.0
active_power_discr,22.0,23.0,,,,,,10.0,0.0
active_power_discr,22.0,23.0,,,,,,11.0,0.0
active_power_discr,22.0,23.0,,,,,,12.0,0.0
active_power_discr,22.0,23.0,,,,,,13.0,0.0
active_power_discr,22.0,23.0,,,,,,14.0,0.0
active_power_discr,22.0,23.0,,,,,,15.0,0.0
active_power_discr,23.0,23.0,,,,,,1.0,4.1547884253659776e-05
active_power_discr,23.0,23.0,,,,,,2.0,0.0
active_power_discr,23.0,23.0,,,,,,3.0,0.0
active_power_discr,23.0,23.0,,,,,,4.0,0.0
active_power_discr,23.0,23.0,,,,,,5.0,0.0
active_power_discr,23.0,23.0,,,,,,6.0,0.0
active_power_discr,23.0,23.0,,,,,,7.0,0.0
active_power_discr,23.0,23.0,,,,,,8.0,0.0
active_power_discr,23.0,23.0,,,,,,9.0,0.0
active_power_discr,23.0,23.0,,,,,,10.0,0.0
active_power_discr,23.0,23.0,,,,,,11.0,0.0
active_power_discr,23.0,23.0,,,,,,12.0,0.0
active_power_discr,23.0,23.0,,,,,,13.0,0.0
active_power_discr,23.0,23.0,,,,,,14.0,0.0
active_power_discr,23.0,23.0,,,,,,15.0,0.0
active_power_discr,24.0,23.0,,,,,,1.0,0.0
active_power_discr,24.0,23.0,,,,,,2.0,0.0
active_power_discr,24.0,23.0,,,,,,3.0,0.0
active_power_discr,24.0,23.0,,,,,,4.0,0.0
active_power_discr,24.0,23.0,,,,,,5.0,0.001837754187747
active_power_discr,24.0,23.0,,,,,,6.0,0.0
active_power_discr,24.0,23.0,,,,,,7.0,0.0
active_power_discr,24.0,23.0,,,,,,8.0,0.0
active_power_discr,24.0,23.0,,,,,,9.0,0.0
active_power_discr,24.0,23.0,,,,,,10.0,0.0
active_power_discr,24.0,23.0,,,,,,11.0,0.0
active_power_discr,24.0,23.0,,,,,,12.0,0.0
active_power_discr,24.0,23.0,,,,,,13.0,0.0
active_power_discr,24.0,23.0,,,,,,14.0,0.0
active_power_discr,24.0,23.0,,,,,,15.0,0.0
reactive_power_discr,1.0,23.0,,,,,,1.0,4.1547884253659776e-05
reactive_power_discr,1.0,23.0,,,,,,2.0,0.0
reactive_power_discr,1.0,23.0,,,,,,3.0,0.0
reactive_power_discr,1.0,23.0,,,,,,4.0,0.0
reactive_power_discr,1.0,23.0,,,,,,5.0,0.0
reactive_power_discr,1.0,23.0,,,,,,6.0,0.0
reactive_power_discr,1.0,23.0,,,,,,7.0,0.0
reactive_power_discr,1.0,23.0,,,,,,8.0,0.0
reactive_power_discr,1.0,23.0,,,,,,9.0,0.0
reactive_power_discr,1.0,23.0,,,,,,10.0,0.0
reactive_power_discr,1.0,23.0,,,,,,11.0,0.0
reactive_power_discr,1.0,23.0,,,,,,12.0,0.0
reactive_power_discr,1.0,23.0,,,,,,13.0,0.0
reactive_power_discr,1.0,23.0,,,,,,14.0,0.0
reactive_power_discr,1.0,23.0,,,,,,15.0,0.0
reactive_power_discr,2.0,23.0,,,,,,1.0,4.1547884253659776e-05
reactive_power_discr,2.0,23.0,,,,,,2.0,0.0
reactive_power_discr,2.0,23.0,,,,,,3.0,0.0
reactive_power_discr,2.0,23.0,,,,,,4.0,0.0
reactive_power_discr,2.0,23.0,,,,,,5.0,0.0
reactive_power_discr,2.0,23.0,,,,,,6.0,0.0
reactive_power_discr,2.0,23.0,,,,,,7.0,0.0
reactive_power_discr,2.0,23.0,,,,,,8.0,0.0
reactive_power_discr,2.0,23.0,,,,,,9.0,0.0
reactive_power_discr,2.0,23.0,,,,,,10.0,0.0
reactive_power_discr,2.0,23.0,,,,,,11.0,0.0
reactive_power_discr,2.0,23.0,,,,,,12.0,0.0
reactive_power_discr,2.0,23.0,,,,,,13.0,0.0
reactive_power_discr,2.0,23.0,,,,,,14.0,0.0
reactive_power_discr,2.0,23.0,,,,,,15.0,0.0
reactive_power_discr,3.0,23.0,,,,,,1.0,4.1547884253659776e-05
reactive_power_discr,3.0,23.0,,,,,,2.0,0.0
reactive_power_discr,3.0,23.0,,,,,,3.0,0.0
reactive_power_discr,3.0,23.0,,,,,,4.0,0.0
reactive_power_discr,3.0,23.0,,,,,,5.0,0.0
reactive_power_discr,3.0,23.0,,,,,,6.0,0.0
reactive_power_discr,3.0,23.0,,,,,,7.0,0.0
reactive_power_discr,3.0,23.0,,,,,,8.0,0.0
reactive_power_discr,3.0,23.0,,,,,,9.0,0.0
reactive_power_discr,3.0,23.0,,,,,,10.0,0.0
reactive_power_discr,3.0,23.0,,,,,,11.0,0.0
reactive_power_discr,3.0,23.0,,,,,,12.0,0.0
reactive_power_discr,3.0,23.0,,,,,,13.0,0.0
reactive_power_discr,3.0,23.0,,,,,,14.0,0.0
reactive_power_discr,3.0,23.0,,,,,,15.0,0.0
reactive_power_discr,4.0,23.0,,,,,,1.0,4.1547884253659776e-05
reactive_power_discr,4.0,23.0,,,,,,2.0,0.0
reactive_power_discr,4.0,23.0,,,,,,3.0,0.0
reactive_power_discr,4.0,23.0,,,,,,4.0,0.0
reactive_power_discr,4.0,23.0,,,,,,5.0,0.0
reactive_power_discr,4.0,23.0,,,,,,6.0,0.0
reactive_power_discr,4.0,23.0,,,,,,7.0,0.0
reactive_power_discr,4.0,23.0,,,,,,8.0,0.0
reactive_power_discr,4.0,23.0,,,,,,9.0,0.0
reactive_power_discr,4.0,23.0,,,,,,10.0,0.0
reactive_power_discr,4.0,23.0,,,,,,11.0,0.0
reactive_power_discr,4.0,23.0,,,,,,12.0,0.0
reactive_power_discr,4.0,23.0,,,,,,13.0,0.0
reactive_power_discr,4.0,23.0,,,,,,14.0,0.0
reactive_power_discr,4.0,23.0,,,,,,15.0,0.0
reactive_power_discr,5.0,23.0,,,,,,1.0,4.1547884253659776e-05
reactive_power_discr,5.0,23.0,,,,,,2.0,0.0
reactive_power_discr,5.0,23.0,,,,,,3.0,0.0
reactive_power_discr,5.0,23.0,,,,,,4.0,0.0
reactive_power_discr,5.0,23.0,,,,,,5.0,0.0
reactive_power_discr,5.0,23.0,,,,,,6.0,0.0
reactive_power_discr,5.0,23.0,,,,,,7.0,0.0
reactive_power_discr,5.0,23.0,,,,,,8.0,0.0
reactive_power_discr,5.0,23.0,,,,,,9.0,0.0
reactive_power_discr,5.0,23.0,,,,,,10.0,0.0
reactive_power_discr,5.0,23.0,,,,,,11.0,0.0
reactive_power_discr,5.0,23.0,,,,,,12.0,0.0
reactive_power_discr,5.0,23.0,,,,,,13.0,0.0
reactive_power_discr,5.0,23.0,,,,,,14.0,0.0
reactive_power_discr,5.0,23.0,,,,,,15.0,0.0
reactive_power_discr,6.0,23.0,,,,,,1.0,4.154788425367365e-05
reactive_power_discr,6.0,23.0,,,,,,2.0,0.0
reactive_power_discr,6.0,23.0,,,,,,3.0,0.0
reactive_power_discr,6.0,23.0,,,,,,4.0,0.0
reactive_power_discr,6.0,23.0,,,,,,5.0,0.0
reactive_power_discr,6.0,23.0,,,,,,6.0,0.0
reactive_power_discr,6.0,23.0,,,,,,7.0,0.0
reactive_power_discr,6.0,23.0,,,,,,8.0,0.0
reactive_power_discr,6.0,23.0,,,,,,9.0,0.0
reactive_power_discr,6.0,23.0,,,,,,10.0,0.0
reactive_power_discr,6.0,23.0,,,,,,11.0,0.0
reactive_power_discr,6.0,23.0,,,,,,12.0,0.0
reactive_power_discr,6.0,23.0,,,,,,13.0,0.0
reactive_power_discr,6.0,23.0,,,,,,14.0,0.0
reactive_power_discr,6.0,23.0,,,,,,15.0,0.0
reactive_power_discr,7.0,23.0,,,,,,1.0,0.0
reactive_power_discr,7.0,23.0,,,,,,2.0,0.0006228637572885
reactive_power_discr,7.0,23.0,,,,,,3.0,0.0008933559093251
reactive_power_discr,7.0,23.0,,,,,,4.0,0.0
reactive_power_discr,7.0,23.0,,,,,,5.0,0.001837754187747
reactive_power_discr,7.0,23.0,,,,,,6.0,0.0
reactive_power_discr,7.0,23.0,,,,,,7.0,0.0
reactive_power_discr,7.0,23.0,,,,,,8.0,0.0
reactive_power_discr,7.0,23.0,,,,,,9.0,0.0
reactive_power_discr,7.0,23.0,,,,,,10.0,0.0
reactive_power_discr,7.0,23.0,,,,,,11.0,0.0
reactive_power_discr,7.0,23.0,,,,,,12.0,0.0
reactive_power_discr,7.0,23.0,,,,,,13.0,0.0
reactive_power_discr,7.0,23.0,,,,,,14.0,0.0
reactive_power_discr,7.0,23.0,,,,,,15.0,0.0
reactive_power_discr,8.0,23.0,,,,,,1.0,0.0004342717791352
reactive_power_discr,8.0,23.0,,,,,,2.0,0.0
reactive_power_discr,8.0,23.0,,,,,,3.0,0.0
reactive_power_discr,8.0,23.0,,,,,,4.0,0.0
reactive_power_discr,8.0,23.0,,,,,,5.0,0.0
reactive_power_discr,8.0,23.0,,,,,,6.0,0.0
reactive_power_discr,8.0,23.0,,,,,,7.0,0.0
reactive_power_discr,8.0,23.0,,,,,,8.0,0.0
reactive_power_discr,8.0,23.0,,,,,,9.0,0.0
reactive_power_discr,8.0,23.0,,,,,,10.0,0.0
reactive_power_discr,8.0,23.0,,,,,,11.0,0.0
reactive_power_discr,8.0,23.0,,,,,,12.0,0.0
reactive_power_discr,8.0,23.0,,,,,,13.0,0.0
reactive_power_discr,8.0,23.0,,,,,,14.0,0.0
reactive_power_discr,8.0,23.0,,,,,,15.0,0.0
reactive_power_discr,9.0,23.0,,,,,,1.0,0.0004342717791352
reactive_power_discr,9.0,23.0,,,,,,2.0,0.0
reactive_power_discr,9.0,23.0,,,,,,3.0,0.0
reactive_power_discr,9.0,23.0,,,,,,4.0,0.0
reactive_power_discr,9.0,23.0,,,,,,5.0,0.0
reactive_power_discr,9.0,23.0,,,,,,6.0,0.0
reactive_power_discr,9.0,23.0,,,,,,7.0,0.0
reactive_power_discr,9.0,23.0,,,,,,8.0,0.0
reactive_power_discr,9.0,23.0,,,,,,9.0,0.0
reactive_power_discr,9.0,23.0,,,,,,10.0,0.0
reactive_power_discr,9.0,23.0,,,,,,11.0,0.0
reactive_power_discr,9.0,23.0,,,,,,12.0,0.0
reactive_power_discr,9.0,23.0,,,,,,13.0,0.0
reactive_power_discr,9.0,23.0,,,,,,14.0,0.0
reactive_power_discr,9.0,23.0,,,,,,15.0,0.0
reactive_power_discr,10.0,23.0,,,,,,1.0,0.0004342717791352
reactive_power_discr,10.0,23.0,,,,,,2.0,0.0
reactive_power_discr,10.0,23.0,,,,,,3.0,0.0
reactive_power_discr,10.0,23.0,,,,,,4.0,0.0
reactive_power_discr,10.0,23.0,,,,,,5.0,0.0
reactive_power_discr,10.0,23.0,,,,,,6.0,0.0
reactive_power_discr,10.0,23.0,,,,,,7.0,0.0
reactive_power_discr,10.0,23.0,,,,,,8.0,0.0
reactive_power_discr,10.0,23.0,,,,,,9.0,0.0
reactive_power_discr,10.0,23.0,,,,,,10.0,0.0
reactive_power_discr,10.0,23.0,,,,,,11.0,0.0
reactive_power_discr,10.0,23.0,,,,,,12.0,0.0
reactive_power_discr,10.0,23.0,,,,,,13.0,0.0
reactive_power_discr,10.0,23.0,,,,,,14.0,0.0
reactive_power_discr,10.0,23.0,,,,,,15.0,0.0
reactive_power_discr,11.0,23.0,,,,,,1.0,0.0
reactive_power_discr,11.0,23.0,,,,,,2.0,0.0
reactive_power_discr,11.0,23.0,,,,,,3.0,0.0
reactive_power_discr,11.0,23.0,,,,,,4.0,0.0
reactive_power_discr,11.0,23.0,,,,,,5.0,0.0
reactive_power_discr,11.0,23.0,,,,,,6.0,0.0
reactive_power_discr,11.0,23.0,,,,,,7.0,0.0
reactive_power_discr,11.0,23.0,,,,,,8.0,0.0
reactive_power_discr,11.0,23.0,,,,,,9.0,0.0
reactive_power_discr,11.0,23.0,,,,,,10.0,0.0
reactive_power_discr,11.0,23.0,,,,,,11.0,0.0
reactive_power_discr,11.0,23.0,,,,,,12.0,0.0
reactive_power_discr,11.0,23.0,,,,,,13.0,0.0
reactive_power_discr,11.0,23.0,,,,,,14.0,0.0
reactive_power_discr,11.0,23.0,,,,,,15.0,0.0
reactive_power_discr,12.0,23.0,,,,,,1.0,0.0004342717791352
reactive_power_discr,12.0,23.0,,,,,,2.0,0.0
reactive_power_discr,12.0,23.0,,,,,,3.0,0.0
reactive_power_discr,12.0,23.0,,,,,,4.0,0.0
reactive_power_discr,12.0,23.0,,,,,,5.0,0.0
reactive_power_discr,12.0,23.0,,,,,,6.0,0.0
reactive_power_discr,12.0,23.0,,,,,,7.0,0.0
reactive_power_discr,12.0,23.0,,,,,,8.0,0.0
reactive_power_discr,12.0,23.0,,,,,,9.0,0.0
reactive_power_discr,12.0,23.0,,,,,,10.0,0.0
reactive_power_discr,12.0,23.0,,,,,,11.0,0.0
reactive_power_discr,12.0,23.0,,,,,,12.0,0.0
reactive_power_discr,12.0,23.0,,,,,,13.0,0.0
reactive_power_discr,12.0,23.0,,,,,,14.0,0.0
reactive_power_discr,12.0,23.0,,,,,,15.0,0.0
reactive_power_discr,13.0,23.0,,,,,,1.0,0.0004342717791352
reactive_power_discr,13.0,23.0,,,,,,2.0,0.0
reactive_power_discr,13.0,23.0,,,,,,3.0,0.0
reactive_power_discr,13.0,23.0,,,,,,4.0,0.0
reactive_power_discr,13.0,23.0,,,,,,5.0,0.0
reactive_power_discr,13.0,23.0,,,,,,6.0,0.0
reactive_power_discr,13.0,23.0,,,,,,7.0,0.0
reactive_power_discr,13.0,23.0,,,,,,8.0,0.0
reactive_power_discr,13.0,23.0,,,,,,9.0,0.0
reactive_power_discr,13.0,23.0,,,,,,10.0,0.0
reactive_power_discr,13.0,23.0,,,,,,11.0,0.0
reactive_power_discr,13.0,23.0,,,,,,12.0,0.0
reactive_power_discr,13.0,23.0,,,,,,13.0,0.0
reactive_power_discr,13.0,23.0,,,,,,14.0,0.0
reactive_power_discr,13.0,23.0,,,,,,15.0,0.0
reactive_power_discr,14.0,23.0,,,,,,1.0,0.0004342717791352
reactive_power_discr,14.0,23.0,,,,,,2.0,0.0
reactive_power_discr,14.0,23.0,,,,,,3.0,0.0
reactive_power_discr,14.0,23.0,,,,,,4.0,0.0
reactive_power_discr,14.0,23.0,,,,,,5.0,0.0
reactive_power_discr,14.0,23.0,,,,,,6.0,0.0
reactive_power_discr,14.0,23.0,,,,,,7.0,0.0
reactive_power_discr,14.0,23.0,,,,,,8.0,0.0
reactive_power_discr,14.0,23.0,,,,,,9.0,0.0
reactive_power_discr,14.0,23.0,,,,,,10.0,0.0
reactive_power_discr,14.0,23.0,,,,,,11.0,0.0
reactive_power_discr,14.0,23.0,,,,,,12.0,0.0
reactive_power_discr,14.0,23.0,,,,,,13.0,0.0
reactive_power_discr,14.0,23.0,,,,,,14.0,0.0
reactive_power_discr,14.0,23.0,,,,,,15.0,0.0
reactive_power_discr,15.0,23.0,,,,,,1.0,0.0
reactive_power_discr,15.0,23.0,,,,,,2.0,0.0
reactive_power_discr,15.0,23.0,,,,,,3.0,0.0
reactive_power_discr,15.0,23.0,,,,,,4.0,0.0
reactive_power_discr,15.0,23.0,,,,,,5.0,0.001837754187747
reactive_power_discr,15.0,23.0,,,,,,6.0,0.0
reactive_power_discr,15.0,23.0,,,,,,7.0,0.0
reactive_power_discr,15.0,23.0,,,,,,8.0,0.0
reactive_power_discr,15.0,23.0,,,,,,9.0,0.0
reactive_power_discr,15.0,23.0,,,,,,10.0,0.0
reactive_power_discr,15.0,23.0,,,,,,11.0,0.0
reactive_power_discr,15.0,23.0,,,,,,12.0,0.0
reactive_power_discr,15.0,23.0,,,,,,13.0,0.0
reactive_power_discr,15.0,23.0,,,,,,14.0,0.0
reactive_power_discr,15.0,23.0,,,,,,15.0,0.0
reactive_power_discr,16.0,23.0,,,,,,1.0,0.0004342717791352
reactive_power_discr,16.0,23.0,,,,,,2.0,0.0
reactive_power_discr,16.0,23.0,,,,,,3.0,0.0
reactive_power_discr,16.0,23.0,,,,,,4.0,0.0
reactive_power_discr,16.0,23.0,,,,,,5.0,0.0
reactive_power_discr,16.0,23.0,,,,,,6.0,0.0
reactive_power_discr,16.0,23.0,,,,,,7.0,0.0
reactive_power_discr,16.0,23.0,,,,,,8.0,0.0
reactive_power_discr,16.0,23.0,,,,,,9.0,0.0
reactive_power_discr,16.0,23.0,,,,,,10.0,0.0
reactive_power_discr,16.0,23.0,,,,,,11.0,0.0
reactive_power_discr,16.0,23.0,,,,,,12.0,0.0
reactive_power_discr,16.0,23.0,,,,,,13.0,0.0
reactive_power_discr,16.0,23.0,,,,,,14.0,0.0
reactive_power_discr,16.0,23.0,,,,,,15.0,0.0
reactive_power_discr,17.0,23.0,,,,,,1.0,0.0004342717791352
reactive_power_discr,17.0,23.0,,,,,,2.0,0.0
reactive_power_discr,17.0,23.0,,,,,,3.0,0.0
reactive_power_discr,17.0,23.0,,,,,,4.0,0.0
reactive_power_discr,17.0,23.0,,,,,,5.0,0.0
reactive_power_discr,17.0,23.0,,,,,,6.0,0.0
reactive_power_discr,17.0,23.0,,,,,,7.0,0.0
reactive_power_discr,17.0,23.0,,,,,,8.0,0.0
reactive_power_discr,17.0,23.0,,,,,,9.0,0.0
reactive_power_discr,17.0,23.0,,,,,,10.0,0.0
reactive_power_discr,17.0,23.0,,,,,,11.0,0.0
reactive_power_discr,17.0,23.0,,,,,,12.0,0.0
reactive_power_discr,17.0,23.0,,,,,,13.0,0.0
reactive_power_discr,17.0,23.0,,,,,,14.0,0.0
reactive_power_discr,17.0,23.0,,,,,,15.0,0.0
reactive_power_discr,18.0,23.0,,,,,,1.0,0.0
reactive_power_discr,18.0,23.0,,,,,,2.0,0.0
reactive_power_discr,18.0,23.0,,,,,,3.0,0.0
reactive_power_discr,18.0,23.0,,,,,,4.0,0.0
reactive_power_discr,18.0,23.0,,,,,,5.0,0.0
reactive_power_discr,18.0,23.0,,,,,,6.0,0.0
reactive_power_discr,18.0,23.0,,,,,,7.0,0.0
reactive_power_discr,18.0,23.0,,,,,,8.0,0.0
reactive_power_discr,18.0,23.0,,,,,,9.0,0.0
reactive_power_discr,18.0,23.0,,,,,,10.0,0.0
reactive_power_discr,18.0,23.0,,,,,,11.0,0.0
reactive_power_discr,18.0,23.0,,,,,,12.0,0.0
reactive_power_discr,18.0,23.0,,,,,,13.0,0.0
reactive_power_discr,18.0,23.0,,,,,,14.0,0.0
reactive_power_discr,18.0,23.0,,,,,,15.0,0.0
reactive_power_discr,19.0,23.0,,,,,,1.0,4.1547884253659776e-05
reactive_power_discr,19.0,23.0,,,,,,2.0,0.0
reactive_power_discr,19.0,23.0,,,,,,3.0,0.0
reactive_power_discr,19.0,23.0,,,,,,4.0,0.0
reactive_power_discr,19.0,23.0,,,,,,5.0,0.0
reactive_power_discr,19.0,23.0,,,,,,6.0,0.0
reactive_power_discr,19.0,23.0,,,,,,7.0,0.0
reactive_power_discr,19.0,23.0,,,,,,8.0,0.0
reactive_power_discr,19.0,23.0,,,,,,9.0,0.0
reactive_power_discr,19.0,23.0,,,,,,10.0,0.0
reactive_power_discr,19.0,23.0,,,,,,11.0,0.0
reactive_power_discr,19.0,23.0,,,,,,12.0,0.0
reactive_power_discr,19.0,23.0,,,,,,13.0,0.0
reactive_power_discr,19.0,23.0,,,,,,14.0,0.0
reactive_power_discr,19.0,23.0,,,,,,15.0,0.0
reactive_power_discr,20.0,23.0,,,,,,1.0,4.1547884253659776e-05
reactive_power_discr,20.0,23.0,,,,,,2.0,0.0
reactive_power_discr,20.0,23.0,,,,,,3.0,0.0
reactive_power_discr,20.0,23.0,,,,,,4.0,0.0
reactive_power_discr,20.0,23.0,,,,,,5.0,0.0
reactive_power_discr,20.0,23.0,,,,,,6.0,0.0
reactive_power_discr,20.0,23.0,,,,,,7.0,0.0
reactive_power_discr,20.0,23.0,,,,,,8.0,0.0
reactive_power_discr,20.0,23.0,,,,,,9.0,0.0
reactive_power_discr,20.0,23.0,,,,,,10.0,0.0
reactive_power_discr,20.0,23.0,,,,,,11.0,0.0
reactive_power_discr,20.0,23.0,,,,,,12.0,0.0
reactive_power_discr,20.0,23.0,,,,,,13.0,0.0
reactive_power_discr,20.0,23.0,,,,,,14.0,0.0
reactive_power_discr,20.0,23.0,,,,,,15.0,0.0
reactive_power_discr,21.0,23.0,,,,,,1.0,4.1547884253659776e-05
reactive_power_discr,21.0,23.0,,,,,,2.0,0.0
reactive_power_discr,21.0,23.0,,,,,,3.0,0.0
reactive_power_discr,21.0,23.0,,,,,,4.0,0.0
reactive_power_discr,21.0,23.0,,,,,,5.0,0.0
reactive_power_discr,21.0,23.0,,,,,,6.0,0.0
reactive_power_discr,21.0,23.0,,,,,,7.0,0.0
reactive_power_discr,21.0,23.0,,,,,,8.0,0.0
reactive_power_discr,21.0,23.0,,,,,,9.0,0.0
reactive_power_discr,21.0,23.0,,,,,,10.0,0.0
reactive_power_discr,21.0,23.0,,,,,,11.0,0.0
reactive_power_discr,21.0,23.0,,,,,,12.0,0.0
reactive_power_discr,21.0,23.0,,,,,,13.0,0.0
reactive_power_discr,21.0,23.0,,,,,,14.0,0.0
reactive_power_discr,21.0,23.0,,,,,,15.0,0.0
reactive_power_discr,22.0,23.0,,,,,,1.0,0.0
reactive_power_discr,22.0,23.0,,,,,,2.0,0.0
reactive_power_discr,22.0,23.0,,,,,,3.0,0.0
reactive_power_discr,22.0,23.0,,,,,,4.0,0.0
reactive_power_discr,22.0,23.0,,,,,,5.0,0.0
reactive_power_discr,22.0,23.0,,,,,,6.0,0.0
reactive_power_discr,22.0,23.0,,,,,,7.0,0.0
reactive_power_discr,22.0,23.0,,,,,,8.0,0.0
reactive_power_discr,22.0,23.0,,,,,,9.0,0.0
reactive_power_discr,22.0,23.0,,,,,,10.0,0.0
reactive_power_discr,22.0,23.0,,,,,,11.0,0.0
reactive_power_discr,22.0,23.0,,,,,,12.0,0.0
reactive_power_discr,22.0,23.0,,,,,,13.0,0.0
reactive_power_discr,22.0,23.0,,,,,,14.0,0.0
reactive_power_discr,22.0,23.0,,,,,,15.0,0.0
reactive_power_discr,23.0,23.0,,,,,,1.0,4.1547884253659776e-05
reactive_power_discr,23.0,23.0,,,,,,2.0,0.0
reactive_power_discr,23.0,23.0,,,,,,3.0,0.0
reactive_power_discr,23.0,23.0,,,,,,4.0,0.0
reactive_power_discr,23.0,23.0,,,,,,5.0,0.0
reactive_power_discr,23.0,23.0,,,,,,6.0,0.0
reactive_power_discr,23.0,23.0,,,,,,7.0,0.0
reactive_power_discr,23.0,23.0,,,,,,8.0,0.0
reactive_power_discr,23.0,23.0,,,,,,9.0,0.0
reactive_power_discr,23.0,23.0,,,,,,10.0,0.0
reactive_power_discr,23.0,23.0,,,,,,11.0,0.0
reactive_power_discr,23.0,23.0,,,,,,12.0,0.0
reactive_power_discr,23.0,23.0,,,,,,13.0,0.0
reactive_power_discr,23.0,23.0,,,,,,14.0,0.0
reactive_power_discr,23.0,23.0,,,,,,15.0,0.0
reactive_power_discr,24.0,23.0,,,,,,1.0,0.0
reactive_power_discr,24.0,23.0,,,,,,2.0,0.0
reactive_power_discr,24.0,23.0,,,,,,3.0,0.0
reactive_power_discr,24.0,23.0,,,,,,4.0,0.0012813151694688
reactive_power_discr,24.0,23.0,,,,,,5.0,0.0
reactive_power_discr,24.0,23.0,,,,,,6.0,0.0
reactive_power_discr,24.0,23.0,,,,,,7.0,0.0
reactive_power_discr,24.0,23.0,,,,,,8.0,0.0
reactive_power_discr,24.0,23.0,,,,,,9.0,0.0
reactive_power_discr,24.0,23.0,,,,,,10.0,0.0
reactive_power_discr,24.0,23.0,,,,,,11.0,0.0
reactive_power_discr,24.0,23.0,,,,,,12.0,0.0
reactive_power_discr,24.0,23.0,,,,,,13.0,0.0
reactive_power_discr,24.0,23.0,,,,,,14.0,0.0
reactive_power_discr,24.0,23.0,,,,,,15.0,0.0
initial_line_act,,23.0,,,,,,,0.0
initial_line_opt,,23.0,Poppy,,,,,,0.0
initial_line_opt,,23.0,Oxlip,,,,,,0.0
initial_line_opt,,23.0,Daisy,,,,,,0.0
initial_line_opt,,23.0,Tulip,,,,,,0.0
LPWB,,23.0,,,,,,1.0,0.0004342717791352
LPWB,,23.0,,,,,,2.0,0.0006228637572885
LPWB,,23.0,,,,,,3.0,0.0008933559093251
LPWB,,23.0,,,,,,4.0,0.0012813151694688
LPWB,,23.0,,,,,,5.0,0.001837754187747
LPWB,,23.0,,,,,,6.0,0.0026358389684732
LPWB,,23.0,,,,,,7.0,0.0037805094468262
LPWB,,23.0,,,,,,8.0,0.0054222780103371
LPWB,,23.0,,,,,,9.0,0.0077770203288522
LPWB,,23.0,,,,,,10.0,0.0111543607834341
LPWB,,23.0,,,,,,11.0,0.0159983848859727
LPWB,,23.0,,,,,,12.0,0.0229460319536948
LPWB,,23.0,,,,,,13.0,0.0329108460743207
LPWB,,23.0,,,,,,14.0,0.047203097751863
LPWB,,23.0,,,,,,15.0,0.0677020709932606
SPWB,,23.0,,,,,,1.0,0.0004342717791352
SPWB,,23.0,,,,,,2.0,0.0014914073155591
SPWB,,23.0,,,,,,3.0,0.0030076269821728
SPWB,,23.0,,,,,,4.0,0.0051822980609668
SPWB,,23.0,,,,,,5.0,0.0083013674181827
SPWB,,23.0,,,,,,6.0,0.012774960574403
SPWB,,23.0,,,,,,7.0,0.0191913089897025
SPWB,,23.0,,,,,,8.0,0.0283940964468658
SPWB,,23.0,,,,,,9.0,0.0415933947860552
SPWB,,23.0,,,,,,10.0,0.0605247758983417
SPWB,,23.0,,,,,,11.0,0.0876775215677485
SPWB,,23.0,,,,,,12.0,0.1266219384074161
SPWB,,23.0,,,,,,13.0,0.1824788164354318
SPWB,,23.0,,,,,,14.0,0.2625927602616156
SPWB,,23.0,,,,,,15.0,0.3774979290067392
