Variable,Index1,Index2,Index3,Value
C_cond,,,,46493.93883243611
C_subs,,,,34773.389892850595
C_losses,,,1,0.014982218005330363
line_opt,,0,Poppy,1.0
line_opt,,0,Oxlip,0.0
line_opt,,0,Daisy,0.0
line_opt,,0,Tulip,0.0
line_opt,,1,Poppy,0.0
line_opt,,1,Oxlip,0.0
line_opt,,1,Daisy,0.0
line_opt,,1,Tulip,0.0
line_opt,,2,Poppy,0.0
line_opt,,2,Oxlip,0.0
line_opt,,2,Daisy,0.0
line_opt,,2,Tulip,0.0
line_opt,,3,Poppy,0.0
line_opt,,3,Oxlip,0.0
line_opt,,3,Daisy,0.0
line_opt,,3,Tulip,0.0
line_opt,,4,Poppy,0.0
line_opt,,4,Oxlip,0.0
line_opt,,4,Daisy,0.0
line_opt,,4,Tulip,0.0
line_opt,,5,Poppy,0.0
line_opt,,5,Oxlip,0.0
line_opt,,5,Daisy,0.0
line_opt,,5,Tulip,0.0
line_opt,,6,Poppy,0.0
line_opt,,6,Oxlip,0.0
line_opt,,6,Daisy,0.0
line_opt,,6,Tulip,0.0
line_opt,,7,Poppy,1.0
line_opt,,7,Oxlip,0.0
line_opt,,7,Daisy,0.0
line_opt,,7,Tulip,0.0
line_opt,,8,Poppy,1.0
line_opt,,8,Oxlip,0.0
line_opt,,8,Daisy,0.0
line_opt,,8,Tulip,0.0
line_opt,,9,Poppy,0.0
line_opt,,9,Oxlip,0.0
line_opt,,9,Daisy,0.0
line_opt,,9,Tulip,0.0
line_opt,,10,Poppy,0.0
line_opt,,10,Oxlip,0.0
line_opt,,10,Daisy,0.0
line_opt,,10,Tulip,0.0
line_opt,,11,Poppy,0.0
line_opt,,11,Oxlip,0.0
line_opt,,11,Daisy,0.0
line_opt,,11,Tulip,0.0
line_opt,,12,Poppy,0.0
line_opt,,12,Oxlip,0.0
line_opt,,12,Daisy,0.0
line_opt,,12,Tulip,0.0
line_opt,,13,Poppy,0.0
line_opt,,13,Oxlip,0.0
line_opt,,13,Daisy,0.0
line_opt,,13,Tulip,0.0
line_opt,,14,Poppy,0.0
line_opt,,14,Oxlip,0.0
line_opt,,14,Daisy,0.0
line_opt,,14,Tulip,0.0
line_opt,,15,Poppy,0.0
line_opt,,15,Oxlip,0.0
line_opt,,15,Daisy,0.0
line_opt,,15,Tulip,0.0
line_opt,,16,Poppy,0.0
line_opt,,16,Oxlip,0.0
line_opt,,16,Daisy,0.0
line_opt,,16,Tulip,0.0
line_opt,,17,Poppy,0.9999934915180135
line_opt,,17,Oxlip,0.0
line_opt,,17,Daisy,0.0
line_opt,,17,Tulip,6.508481986420295e-06
line_opt,,18,Poppy,0.0
line_opt,,18,Oxlip,0.0
line_opt,,18,Daisy,0.0
line_opt,,18,Tulip,0.0
line_opt,,19,Poppy,1.0
line_opt,,19,Oxlip,0.0
line_opt,,19,Daisy,0.0
line_opt,,19,Tulip,0.0
line_opt,,20,Poppy,0.0
line_opt,,20,Oxlip,1.0
line_opt,,20,Daisy,0.0
line_opt,,20,Tulip,0.0
line_opt,,21,Poppy,0.0
line_opt,,21,Oxlip,0.0
line_opt,,21,Daisy,0.0
line_opt,,21,Tulip,0.0
line_opt,,22,Poppy,0.0
line_opt,,22,Oxlip,0.0
line_opt,,22,Daisy,0.0
line_opt,,22,Tulip,0.0
line_opt,,23,Poppy,0.0
line_opt,,23,Oxlip,0.0
line_opt,,23,Daisy,0.0
line_opt,,23,Tulip,0.0
line_opt,,24,Poppy,0.0
line_opt,,24,Oxlip,0.0
line_opt,,24,Daisy,0.0
line_opt,,24,Tulip,0.0
line_opt,,25,Poppy,0.0
line_opt,,25,Oxlip,0.0
line_opt,,25,Daisy,0.0
line_opt,,25,Tulip,0.0
line_opt,,26,Poppy,0.0
line_opt,,26,Oxlip,0.0
line_opt,,26,Daisy,0.0
line_opt,,26,Tulip,0.0
line_opt,,27,Poppy,0.0
line_opt,,27,Oxlip,0.0
line_opt,,27,Daisy,0.0
line_opt,,27,Tulip,0.0
line_opt,,28,Poppy,0.0
line_opt,,28,Oxlip,0.0
line_opt,,28,Daisy,0.0
line_opt,,28,Tulip,0.0
line_opt,,29,Poppy,0.0
line_opt,,29,Oxlip,0.0
line_opt,,29,Daisy,0.0
line_opt,,29,Tulip,0.0
line_opt,,30,Poppy,0.0
line_opt,,30,Oxlip,0.0
line_opt,,30,Daisy,0.0
line_opt,,30,Tulip,0.0
line_opt,,31,Poppy,0.0
line_opt,,31,Oxlip,0.0
line_opt,,31,Daisy,0.0
line_opt,,31,Tulip,0.0
line_opt,,32,Poppy,0.0
line_opt,,32,Oxlip,0.0
line_opt,,32,Daisy,0.0
line_opt,,32,Tulip,0.0
line_opt,,33,Poppy,0.0
line_opt,,33,Oxlip,0.0
line_opt,,33,Daisy,0.0
line_opt,,33,Tulip,0.0
line_opt,,34,Poppy,0.0
line_opt,,34,Oxlip,1.0
line_opt,,34,Daisy,0.0
line_opt,,34,Tulip,0.0
line_opt,,35,Poppy,0.0
line_opt,,35,Oxlip,0.0
line_opt,,35,Daisy,0.0
line_opt,,35,Tulip,0.0
line_opt,,36,Poppy,1.0
line_opt,,36,Oxlip,0.0
line_opt,,36,Daisy,0.0
line_opt,,36,Tulip,0.0
line_opt,,37,Poppy,0.0
line_opt,,37,Oxlip,1.0
line_opt,,37,Daisy,0.0
line_opt,,37,Tulip,0.0
line_opt,,38,Poppy,0.9999449970734673
line_opt,,38,Oxlip,0.0
line_opt,,38,Daisy,5.500292650359977e-05
line_opt,,38,Tulip,0.0
line_opt,,39,Poppy,0.0
line_opt,,39,Oxlip,0.0
line_opt,,39,Daisy,0.0
line_opt,,39,Tulip,0.0
line_opt,,40,Poppy,0.9999823706505261
line_opt,,40,Oxlip,0.0
line_opt,,40,Daisy,0.0
line_opt,,40,Tulip,1.762934947390003e-05
line_opt,,41,Poppy,0.0
line_opt,,41,Oxlip,0.0
line_opt,,41,Daisy,0.0
line_opt,,41,Tulip,0.0
line_opt,,42,Poppy,0.0
line_opt,,42,Oxlip,0.0
line_opt,,42,Daisy,0.0
line_opt,,42,Tulip,0.0
line_opt,,43,Poppy,0.9999837640533826
line_opt,,43,Oxlip,0.0
line_opt,,43,Daisy,0.0
line_opt,,43,Tulip,1.6235946478272984e-05
line_opt,,44,Poppy,1.0
line_opt,,44,Oxlip,0.0
line_opt,,44,Daisy,0.0
line_opt,,44,Tulip,0.0
line_opt,,45,Poppy,0.0
line_opt,,45,Oxlip,0.0
line_opt,,45,Daisy,0.0
line_opt,,45,Tulip,0.0
line_opt,,46,Poppy,1.0
line_opt,,46,Oxlip,0.0
line_opt,,46,Daisy,0.0
line_opt,,46,Tulip,0.0
line_opt,,47,Poppy,1.0
line_opt,,47,Oxlip,0.0
line_opt,,47,Daisy,0.0
line_opt,,47,Tulip,0.0
line_opt,,48,Poppy,0.0
line_opt,,48,Oxlip,0.0
line_opt,,48,Daisy,0.0
line_opt,,48,Tulip,0.0
line_opt,,49,Poppy,0.0
line_opt,,49,Oxlip,0.0
line_opt,,49,Daisy,0.0
line_opt,,49,Tulip,0.0
line_opt,,50,Poppy,0.0
line_opt,,50,Oxlip,0.0
line_opt,,50,Daisy,0.0
line_opt,,50,Tulip,0.0
line_opt,,51,Poppy,0.0
line_opt,,51,Oxlip,0.0
line_opt,,51,Daisy,0.0
line_opt,,51,Tulip,0.0
line_opt,,52,Poppy,1.0
line_opt,,52,Oxlip,0.0
line_opt,,52,Daisy,0.0
line_opt,,52,Tulip,0.0
line_opt,,53,Poppy,1.0
line_opt,,53,Oxlip,0.0
line_opt,,53,Daisy,0.0
line_opt,,53,Tulip,0.0
line_opt,,54,Poppy,0.0
line_opt,,54,Oxlip,0.0
line_opt,,54,Daisy,0.0
line_opt,,54,Tulip,0.0
line_opt,,55,Poppy,0.0
line_opt,,55,Oxlip,0.0
line_opt,,55,Daisy,0.0
line_opt,,55,Tulip,0.0
line_opt,,56,Poppy,0.0
line_opt,,56,Oxlip,0.0
line_opt,,56,Daisy,0.0
line_opt,,56,Tulip,0.0
line_opt,,57,Poppy,0.0
line_opt,,57,Oxlip,0.0
line_opt,,57,Daisy,0.0
line_opt,,57,Tulip,0.0
line_opt,,58,Poppy,0.0
line_opt,,58,Oxlip,0.0
line_opt,,58,Daisy,0.0
line_opt,,58,Tulip,0.0
line_opt,,59,Poppy,0.0
line_opt,,59,Oxlip,0.0
line_opt,,59,Daisy,0.0
line_opt,,59,Tulip,0.0
line_act_plus,,,0,1.0
line_act_plus,,,1,0.0
line_act_plus,,,2,0.0
line_act_plus,,,3,0.0
line_act_plus,,,4,0.0
line_act_plus,,,5,0.0
line_act_plus,,,6,0.0
line_act_plus,,,7,1.0
line_act_plus,,,8,1.0
line_act_plus,,,9,0.0
line_act_plus,,,10,0.0
line_act_plus,,,11,0.0
line_act_plus,,,12,0.0
line_act_plus,,,13,0.0
line_act_plus,,,14,0.0
line_act_plus,,,15,0.0
line_act_plus,,,16,0.0
line_act_plus,,,17,1.0
line_act_plus,,,18,0.0
line_act_plus,,,19,1.0
line_act_plus,,,20,1.0
line_act_plus,,,21,0.0
line_act_plus,,,22,0.0
line_act_plus,,,23,0.0
line_act_plus,,,24,0.0
line_act_plus,,,25,0.0
line_act_plus,,,26,0.0
line_act_plus,,,27,0.0
line_act_plus,,,28,0.0
line_act_plus,,,29,0.0
line_act_plus,,,30,0.0
line_act_plus,,,31,0.0
line_act_plus,,,32,0.0
line_act_plus,,,33,0.0
line_act_plus,,,34,1.0
line_act_plus,,,35,0.0
line_act_plus,,,36,1.0
line_act_plus,,,37,1.0
line_act_plus,,,38,0.0
line_act_plus,,,39,0.0
line_act_plus,,,40,0.0
line_act_plus,,,41,0.0
line_act_plus,,,42,0.0
line_act_plus,,,43,1.0
line_act_plus,,,44,0.0
line_act_plus,,,45,0.0
line_act_plus,,,46,0.0
line_act_plus,,,47,0.0
line_act_plus,,,48,0.0
line_act_plus,,,49,0.0
line_act_plus,,,50,0.0
line_act_plus,,,51,0.0
line_act_plus,,,52,1.0
line_act_plus,,,53,0.0
line_act_plus,,,54,0.0
line_act_plus,,,55,0.0
line_act_plus,,,56,0.0
line_act_plus,,,57,0.0
line_act_plus,,,58,0.0
line_act_plus,,,59,0.0
line_act_minus,,,0,0.0
line_act_minus,,,1,0.0
line_act_minus,,,2,0.0
line_act_minus,,,3,0.0
line_act_minus,,,4,0.0
line_act_minus,,,5,0.0
line_act_minus,,,6,0.0
line_act_minus,,,7,0.0
line_act_minus,,,8,0.0
line_act_minus,,,9,0.0
line_act_minus,,,10,0.0
line_act_minus,,,11,0.0
line_act_minus,,,12,0.0
line_act_minus,,,13,0.0
line_act_minus,,,14,0.0
line_act_minus,,,15,0.0
line_act_minus,,,16,0.0
line_act_minus,,,17,0.0
line_act_minus,,,18,0.0
line_act_minus,,,19,0.0
line_act_minus,,,20,0.0
line_act_minus,,,21,0.0
line_act_minus,,,22,0.0
line_act_minus,,,23,0.0
line_act_minus,,,24,0.0
line_act_minus,,,25,0.0
line_act_minus,,,26,0.0
line_act_minus,,,27,0.0
line_act_minus,,,28,0.0
line_act_minus,,,29,0.0
line_act_minus,,,30,0.0
line_act_minus,,,31,0.0
line_act_minus,,,32,0.0
line_act_minus,,,33,0.0
line_act_minus,,,34,0.0
line_act_minus,,,35,0.0
line_act_minus,,,36,0.0
line_act_minus,,,37,0.0
line_act_minus,,,38,1.0
line_act_minus,,,39,0.0
line_act_minus,,,40,1.0
line_act_minus,,,41,0.0
line_act_minus,,,42,0.0
line_act_minus,,,43,0.0
line_act_minus,,,44,1.0
line_act_minus,,,45,0.0
line_act_minus,,,46,1.0
line_act_minus,,,47,1.0
line_act_minus,,,48,0.0
line_act_minus,,,49,0.0
line_act_minus,,,50,0.0
line_act_minus,,,51,0.0
line_act_minus,,,52,0.0
line_act_minus,,,53,1.0
line_act_minus,,,54,0.0
line_act_minus,,,55,0.0
line_act_minus,,,56,0.0
line_act_minus,,,57,0.0
line_act_minus,,,58,0.0
line_act_minus,,,59,0.0
subs_hv_capacity,,,0,57.81008894705729
subs_hv_capacity,,,1,66.25435575441867
subs_hv_S,,1,0,57.81008894705729
subs_hv_S,,1,1,66.25435575441867
subs_hv_P,,1,0,40.09014436983034
subs_hv_P,,1,1,46.79713335540055
subs_hv_Q,,1,0,40.094751206945034
subs_hv_Q,,1,1,45.100297226774956
beta,,,0,1.0
beta,,,1,1.0
subs_mv_capacity,,,2,12.383260099719113
subs_mv_capacity,,,3,0.0
subs_mv_capacity,,,4,0.0
subs_mv_capacity,,,5,20.818409742132243
subs_mv_S,,1,2,12.383260099719113
subs_mv_S,,1,3,0.0
subs_mv_S,,1,4,0.0
subs_mv_S,,1,5,20.818409742132243
subs_mv_P,,1,2,7.085293264573238
subs_mv_P,,1,3,0.0
subs_mv_P,,1,4,0.0
subs_mv_P,,1,5,11.785112202167625
subs_mv_Q,,1,2,10.090779930582585
subs_mv_Q,,1,3,0.0
subs_mv_Q,,1,4,0.0
subs_mv_Q,,1,5,17.090849735996187
gamma,,,2,1.0
gamma,,,3,0.0
gamma,,,4,0.0
gamma,,,5,1.0
current_squared_k,1,0,Poppy,3214.816615354539
current_squared_k,1,0,Oxlip,0.0
current_squared_k,1,0,Daisy,0.0
current_squared_k,1,0,Tulip,0.0
current_squared_k,1,1,Poppy,0.0
current_squared_k,1,1,Oxlip,0.0
current_squared_k,1,1,Daisy,0.0
current_squared_k,1,1,Tulip,0.0
current_squared_k,1,2,Poppy,0.0
current_squared_k,1,2,Oxlip,0.0
current_squared_k,1,2,Daisy,0.0
current_squared_k,1,2,Tulip,0.0
current_squared_k,1,3,Poppy,0.0
current_squared_k,1,3,Oxlip,0.0
current_squared_k,1,3,Daisy,0.0
current_squared_k,1,3,Tulip,0.0
current_squared_k,1,4,Poppy,0.0
current_squared_k,1,4,Oxlip,0.0
current_squared_k,1,4,Daisy,0.0
current_squared_k,1,4,Tulip,0.0
current_squared_k,1,5,Poppy,0.0
current_squared_k,1,5,Oxlip,0.0
current_squared_k,1,5,Daisy,0.0
current_squared_k,1,5,Tulip,0.0
current_squared_k,1,6,Poppy,0.0
current_squared_k,1,6,Oxlip,0.0
current_squared_k,1,6,Daisy,0.0
current_squared_k,1,6,Tulip,0.0
current_squared_k,1,7,Poppy,4224.018346231162
current_squared_k,1,7,Oxlip,0.0
current_squared_k,1,7,Daisy,0.0
current_squared_k,1,7,Tulip,0.0
current_squared_k,1,8,Poppy,1989.4855087562644
current_squared_k,1,8,Oxlip,0.0
current_squared_k,1,8,Daisy,0.0
current_squared_k,1,8,Tulip,0.0
current_squared_k,1,9,Poppy,0.0
current_squared_k,1,9,Oxlip,0.0
current_squared_k,1,9,Daisy,0.0
current_squared_k,1,9,Tulip,0.0
current_squared_k,1,10,Poppy,0.0
current_squared_k,1,10,Oxlip,0.0
current_squared_k,1,10,Daisy,0.0
current_squared_k,1,10,Tulip,0.0
current_squared_k,1,11,Poppy,0.0
current_squared_k,1,11,Oxlip,0.0
current_squared_k,1,11,Daisy,0.0
current_squared_k,1,11,Tulip,0.0
current_squared_k,1,12,Poppy,0.0
current_squared_k,1,12,Oxlip,0.0
current_squared_k,1,12,Daisy,0.0
current_squared_k,1,12,Tulip,0.0
current_squared_k,1,13,Poppy,0.0
current_squared_k,1,13,Oxlip,0.0
current_squared_k,1,13,Daisy,0.0
current_squared_k,1,13,Tulip,0.0
current_squared_k,1,14,Poppy,0.0
current_squared_k,1,14,Oxlip,0.0
current_squared_k,1,14,Daisy,0.0
current_squared_k,1,14,Tulip,0.0
current_squared_k,1,15,Poppy,0.0
current_squared_k,1,15,Oxlip,0.0
current_squared_k,1,15,Daisy,0.0
current_squared_k,1,15,Tulip,0.0
current_squared_k,1,16,Poppy,0.0
current_squared_k,1,16,Oxlip,0.0
current_squared_k,1,16,Daisy,0.0
current_squared_k,1,16,Tulip,0.0
current_squared_k,1,17,Poppy,0.033960565481166646
current_squared_k,1,17,Oxlip,0.0
current_squared_k,1,17,Daisy,0.0
current_squared_k,1,17,Tulip,136.03866777527
current_squared_k,1,18,Poppy,0.0
current_squared_k,1,18,Oxlip,0.0
current_squared_k,1,18,Daisy,0.0
current_squared_k,1,18,Tulip,0.0
current_squared_k,1,19,Poppy,1109.5506122691352
current_squared_k,1,19,Oxlip,0.0
current_squared_k,1,19,Daisy,0.0
current_squared_k,1,19,Tulip,0.0
current_squared_k,1,20,Poppy,0.0
current_squared_k,1,20,Oxlip,152.04665145963227
current_squared_k,1,20,Daisy,0.0
current_squared_k,1,20,Tulip,0.0
current_squared_k,1,21,Poppy,0.0
current_squared_k,1,21,Oxlip,0.0
current_squared_k,1,21,Daisy,0.0
current_squared_k,1,21,Tulip,0.0
current_squared_k,1,22,Poppy,0.0
current_squared_k,1,22,Oxlip,0.0
current_squared_k,1,22,Daisy,0.0
current_squared_k,1,22,Tulip,0.0
current_squared_k,1,23,Poppy,0.0
current_squared_k,1,23,Oxlip,0.0
current_squared_k,1,23,Daisy,0.0
current_squared_k,1,23,Tulip,0.0
current_squared_k,1,24,Poppy,0.0
current_squared_k,1,24,Oxlip,0.0
current_squared_k,1,24,Daisy,0.0
current_squared_k,1,24,Tulip,0.0
current_squared_k,1,25,Poppy,0.0
current_squared_k,1,25,Oxlip,0.0
current_squared_k,1,25,Daisy,0.0
current_squared_k,1,25,Tulip,0.0
current_squared_k,1,26,Poppy,0.0
current_squared_k,1,26,Oxlip,0.0
current_squared_k,1,26,Daisy,0.0
current_squared_k,1,26,Tulip,0.0
current_squared_k,1,27,Poppy,0.0
current_squared_k,1,27,Oxlip,0.0
current_squared_k,1,27,Daisy,0.0
current_squared_k,1,27,Tulip,0.0
current_squared_k,1,28,Poppy,0.0
current_squared_k,1,28,Oxlip,0.0
current_squared_k,1,28,Daisy,0.0
current_squared_k,1,28,Tulip,0.0
current_squared_k,1,29,Poppy,0.0
current_squared_k,1,29,Oxlip,0.0
current_squared_k,1,29,Daisy,0.0
current_squared_k,1,29,Tulip,0.0
current_squared_k,1,30,Poppy,0.0
current_squared_k,1,30,Oxlip,0.0
current_squared_k,1,30,Daisy,0.0
current_squared_k,1,30,Tulip,0.0
current_squared_k,1,31,Poppy,0.0
current_squared_k,1,31,Oxlip,0.0
current_squared_k,1,31,Daisy,0.0
current_squared_k,1,31,Tulip,0.0
current_squared_k,1,32,Poppy,0.0
current_squared_k,1,32,Oxlip,0.0
current_squared_k,1,32,Daisy,0.0
current_squared_k,1,32,Tulip,0.0
current_squared_k,1,33,Poppy,0.0
current_squared_k,1,33,Oxlip,0.0
current_squared_k,1,33,Daisy,0.0
current_squared_k,1,33,Tulip,0.0
current_squared_k,1,34,Poppy,0.0
current_squared_k,1,34,Oxlip,72.0018641243892
current_squared_k,1,34,Daisy,0.0
current_squared_k,1,34,Tulip,0.0
current_squared_k,1,35,Poppy,0.0
current_squared_k,1,35,Oxlip,0.0
current_squared_k,1,35,Daisy,0.0
current_squared_k,1,35,Tulip,0.0
current_squared_k,1,36,Poppy,7.276316790474483
current_squared_k,1,36,Oxlip,0.0
current_squared_k,1,36,Daisy,0.0
current_squared_k,1,36,Tulip,0.0
current_squared_k,1,37,Poppy,0.0
current_squared_k,1,37,Oxlip,92.31918235223971
current_squared_k,1,37,Daisy,0.0
current_squared_k,1,37,Tulip,0.0
current_squared_k,1,38,Poppy,0.03254483192510961
current_squared_k,1,38,Oxlip,0.0
current_squared_k,1,38,Daisy,929.2197463628385
current_squared_k,1,38,Tulip,0.0
current_squared_k,1,39,Poppy,0.0
current_squared_k,1,39,Oxlip,0.0
current_squared_k,1,39,Daisy,0.0
current_squared_k,1,39,Tulip,0.0
current_squared_k,1,40,Poppy,0.019560634597186207
current_squared_k,1,40,Oxlip,0.0
current_squared_k,1,40,Daisy,0.0
current_squared_k,1,40,Tulip,265.0634169648136
current_squared_k,1,41,Poppy,0.0
current_squared_k,1,41,Oxlip,0.0
current_squared_k,1,41,Daisy,0.0
current_squared_k,1,41,Tulip,0.0
current_squared_k,1,42,Poppy,0.0
current_squared_k,1,42,Oxlip,0.0
current_squared_k,1,42,Daisy,0.0
current_squared_k,1,42,Tulip,0.0
current_squared_k,1,43,Poppy,0.017201440136273165
current_squared_k,1,43,Oxlip,0.0
current_squared_k,1,43,Daisy,0.0
current_squared_k,1,43,Tulip,244.11324714984374
current_squared_k,1,44,Poppy,38.15861113016731
current_squared_k,1,44,Oxlip,0.0
current_squared_k,1,44,Daisy,0.0
current_squared_k,1,44,Tulip,0.0
current_squared_k,1,45,Poppy,0.0
current_squared_k,1,45,Oxlip,0.0
current_squared_k,1,45,Daisy,0.0
current_squared_k,1,45,Tulip,0.0
current_squared_k,1,46,Poppy,22.654150651650493
current_squared_k,1,46,Oxlip,0.0
current_squared_k,1,46,Daisy,0.0
current_squared_k,1,46,Tulip,0.0
current_squared_k,1,47,Poppy,13.36056229312431
current_squared_k,1,47,Oxlip,0.0
current_squared_k,1,47,Daisy,0.0
current_squared_k,1,47,Tulip,0.0
current_squared_k,1,48,Poppy,0.0
current_squared_k,1,48,Oxlip,0.0
current_squared_k,1,48,Daisy,0.0
current_squared_k,1,48,Tulip,0.0
current_squared_k,1,49,Poppy,0.0
current_squared_k,1,49,Oxlip,0.0
current_squared_k,1,49,Daisy,0.0
current_squared_k,1,49,Tulip,0.0
current_squared_k,1,50,Poppy,0.0
current_squared_k,1,50,Oxlip,0.0
current_squared_k,1,50,Daisy,0.0
current_squared_k,1,50,Tulip,0.0
current_squared_k,1,51,Poppy,0.0
current_squared_k,1,51,Oxlip,0.0
current_squared_k,1,51,Daisy,0.0
current_squared_k,1,51,Tulip,0.0
current_squared_k,1,52,Poppy,34.70209701987436
current_squared_k,1,52,Oxlip,0.0
current_squared_k,1,52,Daisy,0.0
current_squared_k,1,52,Tulip,0.0
current_squared_k,1,53,Poppy,2.478451523226551
current_squared_k,1,53,Oxlip,0.0
current_squared_k,1,53,Daisy,0.0
current_squared_k,1,53,Tulip,0.0
current_squared_k,1,54,Poppy,0.0
current_squared_k,1,54,Oxlip,0.0
current_squared_k,1,54,Daisy,0.0
current_squared_k,1,54,Tulip,0.0
current_squared_k,1,55,Poppy,0.0
current_squared_k,1,55,Oxlip,0.0
current_squared_k,1,55,Daisy,0.0
current_squared_k,1,55,Tulip,0.0
current_squared_k,1,56,Poppy,0.0
current_squared_k,1,56,Oxlip,0.0
current_squared_k,1,56,Daisy,0.0
current_squared_k,1,56,Tulip,0.0
current_squared_k,1,57,Poppy,0.0
current_squared_k,1,57,Oxlip,0.0
current_squared_k,1,57,Daisy,0.0
current_squared_k,1,57,Tulip,0.0
current_squared_k,1,58,Poppy,0.0
current_squared_k,1,58,Oxlip,0.0
current_squared_k,1,58,Daisy,0.0
current_squared_k,1,58,Tulip,0.0
current_squared_k,1,59,Poppy,0.0
current_squared_k,1,59,Oxlip,0.0
current_squared_k,1,59,Daisy,0.0
current_squared_k,1,59,Tulip,0.0
current_squared,,1,0,3214.8166153110046
current_squared,,1,1,0.0
current_squared,,1,2,0.0
current_squared,,1,3,0.0
current_squared,,1,4,0.0
current_squared,,1,5,0.0
current_squared,,1,6,0.0
current_squared,,1,7,4224.018346188319
current_squared,,1,8,1989.4855087452295
current_squared,,1,9,0.0
current_squared,,1,10,0.0
current_squared,,1,11,0.0
current_squared,,1,12,0.0
current_squared,,1,13,0.0
current_squared,,1,14,0.0
current_squared,,1,15,0.0
current_squared,,1,16,0.0
current_squared,,1,17,136.07262829656892
current_squared,,1,18,0.0
current_squared,,1,19,1109.5506122470656
current_squared,,1,20,152.04665145414725
current_squared,,1,21,0.0
current_squared,,1,22,0.0
current_squared,,1,23,0.0
current_squared,,1,24,0.0
current_squared,,1,25,0.0
current_squared,,1,26,0.0
current_squared,,1,27,0.0
current_squared,,1,28,0.0
current_squared,,1,29,0.0
current_squared,,1,30,0.0
current_squared,,1,31,0.0
current_squared,,1,32,0.0
current_squared,,1,33,0.0
current_squared,,1,34,72.00186411888261
current_squared,,1,35,0.0
current_squared,,1,36,7.2763167890978355
current_squared,,1,37,92.31918234122652
current_squared,,1,38,929.2522911505813
current_squared,,1,39,0.0
current_squared,,1,40,265.08297755527167
current_squared,,1,41,0.0
current_squared,,1,42,0.0
current_squared,,1,43,244.13044854579775
current_squared,,1,44,38.15861112468232
current_squared,,1,45,0.0
current_squared,,1,46,22.65415064892959
current_squared,,1,47,13.360562290403408
current_squared,,1,48,0.0
current_squared,,1,49,0.0
current_squared,,1,50,0.0
current_squared,,1,51,0.0
current_squared,,1,52,34.7020970185139
current_squared,,1,53,2.4784515218553027
current_squared,,1,54,0.0
current_squared,,1,55,0.0
current_squared,,1,56,0.0
current_squared,,1,57,0.0
current_squared,,1,58,0.0
current_squared,,1,59,0.0
current_slack,1,0,Poppy,0.0
current_slack,1,0,Oxlip,0.0
current_slack,1,0,Daisy,0.0
current_slack,1,0,Tulip,0.0
current_slack,1,1,Poppy,0.0
current_slack,1,1,Oxlip,0.0
current_slack,1,1,Daisy,0.0
current_slack,1,1,Tulip,0.0
current_slack,1,2,Poppy,0.0
current_slack,1,2,Oxlip,0.0
current_slack,1,2,Daisy,0.0
current_slack,1,2,Tulip,0.0
current_slack,1,3,Poppy,0.0
current_slack,1,3,Oxlip,0.0
current_slack,1,3,Daisy,0.0
current_slack,1,3,Tulip,0.0
current_slack,1,4,Poppy,0.0
current_slack,1,4,Oxlip,0.0
current_slack,1,4,Daisy,0.0
current_slack,1,4,Tulip,0.0
current_slack,1,5,Poppy,0.0
current_slack,1,5,Oxlip,0.0
current_slack,1,5,Daisy,0.0
current_slack,1,5,Tulip,0.0
current_slack,1,6,Poppy,0.0
current_slack,1,6,Oxlip,0.0
current_slack,1,6,Daisy,0.0
current_slack,1,6,Tulip,0.0
current_slack,1,7,Poppy,0.0
current_slack,1,7,Oxlip,0.0
current_slack,1,7,Daisy,0.0
current_slack,1,7,Tulip,0.0
current_slack,1,8,Poppy,0.0
current_slack,1,8,Oxlip,0.0
current_slack,1,8,Daisy,0.0
current_slack,1,8,Tulip,0.0
current_slack,1,9,Poppy,0.0
current_slack,1,9,Oxlip,0.0
current_slack,1,9,Daisy,0.0
current_slack,1,9,Tulip,0.0
current_slack,1,10,Poppy,0.0
current_slack,1,10,Oxlip,0.0
current_slack,1,10,Daisy,0.0
current_slack,1,10,Tulip,0.0
current_slack,1,11,Poppy,0.0
current_slack,1,11,Oxlip,0.0
current_slack,1,11,Daisy,0.0
current_slack,1,11,Tulip,0.0
current_slack,1,12,Poppy,0.0
current_slack,1,12,Oxlip,0.0
current_slack,1,12,Daisy,0.0
current_slack,1,12,Tulip,0.0
current_slack,1,13,Poppy,0.0
current_slack,1,13,Oxlip,0.0
current_slack,1,13,Daisy,0.0
current_slack,1,13,Tulip,0.0
current_slack,1,14,Poppy,0.0
current_slack,1,14,Oxlip,0.0
current_slack,1,14,Daisy,0.0
current_slack,1,14,Tulip,0.0
current_slack,1,15,Poppy,0.0
current_slack,1,15,Oxlip,0.0
current_slack,1,15,Daisy,0.0
current_slack,1,15,Tulip,0.0
current_slack,1,16,Poppy,0.0
current_slack,1,16,Oxlip,0.0
current_slack,1,16,Daisy,0.0
current_slack,1,16,Tulip,0.0
current_slack,1,17,Poppy,0.0
current_slack,1,17,Oxlip,0.0
current_slack,1,17,Daisy,0.0
current_slack,1,17,Tulip,0.0
current_slack,1,18,Poppy,0.0
current_slack,1,18,Oxlip,0.0
current_slack,1,18,Daisy,0.0
current_slack,1,18,Tulip,0.0
current_slack,1,19,Poppy,0.0
current_slack,1,19,Oxlip,0.0
current_slack,1,19,Daisy,0.0
current_slack,1,19,Tulip,0.0
current_slack,1,20,Poppy,0.0
current_slack,1,20,Oxlip,0.0
current_slack,1,20,Daisy,0.0
current_slack,1,20,Tulip,0.0
current_slack,1,21,Poppy,0.0
current_slack,1,21,Oxlip,0.0
current_slack,1,21,Daisy,0.0
current_slack,1,21,Tulip,0.0
current_slack,1,22,Poppy,0.0
current_slack,1,22,Oxlip,0.0
current_slack,1,22,Daisy,0.0
current_slack,1,22,Tulip,0.0
current_slack,1,23,Poppy,0.0
current_slack,1,23,Oxlip,0.0
current_slack,1,23,Daisy,0.0
current_slack,1,23,Tulip,0.0
current_slack,1,24,Poppy,0.0
current_slack,1,24,Oxlip,0.0
current_slack,1,24,Daisy,0.0
current_slack,1,24,Tulip,0.0
current_slack,1,25,Poppy,0.0
current_slack,1,25,Oxlip,0.0
current_slack,1,25,Daisy,0.0
current_slack,1,25,Tulip,0.0
current_slack,1,26,Poppy,0.0
current_slack,1,26,Oxlip,0.0
current_slack,1,26,Daisy,0.0
current_slack,1,26,Tulip,0.0
current_slack,1,27,Poppy,0.0
current_slack,1,27,Oxlip,0.0
current_slack,1,27,Daisy,0.0
current_slack,1,27,Tulip,0.0
current_slack,1,28,Poppy,0.0
current_slack,1,28,Oxlip,0.0
current_slack,1,28,Daisy,0.0
current_slack,1,28,Tulip,0.0
current_slack,1,29,Poppy,0.0
current_slack,1,29,Oxlip,0.0
current_slack,1,29,Daisy,0.0
current_slack,1,29,Tulip,0.0
current_slack,1,30,Poppy,0.0
current_slack,1,30,Oxlip,0.0
current_slack,1,30,Daisy,0.0
current_slack,1,30,Tulip,0.0
current_slack,1,31,Poppy,0.0
current_slack,1,31,Oxlip,0.0
current_slack,1,31,Daisy,0.0
current_slack,1,31,Tulip,0.0
current_slack,1,32,Poppy,0.0
current_slack,1,32,Oxlip,0.0
current_slack,1,32,Daisy,0.0
current_slack,1,32,Tulip,0.0
current_slack,1,33,Poppy,0.0
current_slack,1,33,Oxlip,0.0
current_slack,1,33,Daisy,0.0
current_slack,1,33,Tulip,0.0
current_slack,1,34,Poppy,0.0
current_slack,1,34,Oxlip,0.0
current_slack,1,34,Daisy,0.0
current_slack,1,34,Tulip,0.0
current_slack,1,35,Poppy,0.0
current_slack,1,35,Oxlip,0.0
current_slack,1,35,Daisy,0.0
current_slack,1,35,Tulip,0.0
current_slack,1,36,Poppy,0.0
current_slack,1,36,Oxlip,0.0
current_slack,1,36,Daisy,0.0
current_slack,1,36,Tulip,0.0
current_slack,1,37,Poppy,0.0
current_slack,1,37,Oxlip,0.0
current_slack,1,37,Daisy,0.0
current_slack,1,37,Tulip,0.0
current_slack,1,38,Poppy,0.0
current_slack,1,38,Oxlip,0.0
current_slack,1,38,Daisy,0.0
current_slack,1,38,Tulip,0.0
current_slack,1,39,Poppy,0.0
current_slack,1,39,Oxlip,0.0
current_slack,1,39,Daisy,0.0
current_slack,1,39,Tulip,0.0
current_slack,1,40,Poppy,0.0
current_slack,1,40,Oxlip,0.0
current_slack,1,40,Daisy,0.0
current_slack,1,40,Tulip,0.0
current_slack,1,41,Poppy,0.0
current_slack,1,41,Oxlip,0.0
current_slack,1,41,Daisy,0.0
current_slack,1,41,Tulip,0.0
current_slack,1,42,Poppy,0.0
current_slack,1,42,Oxlip,0.0
current_slack,1,42,Daisy,0.0
current_slack,1,42,Tulip,0.0
current_slack,1,43,Poppy,0.0
current_slack,1,43,Oxlip,0.0
current_slack,1,43,Daisy,0.0
current_slack,1,43,Tulip,0.0
current_slack,1,44,Poppy,0.0
current_slack,1,44,Oxlip,0.0
current_slack,1,44,Daisy,0.0
current_slack,1,44,Tulip,0.0
current_slack,1,45,Poppy,0.0
current_slack,1,45,Oxlip,0.0
current_slack,1,45,Daisy,0.0
current_slack,1,45,Tulip,0.0
current_slack,1,46,Poppy,0.0
current_slack,1,46,Oxlip,0.0
current_slack,1,46,Daisy,0.0
current_slack,1,46,Tulip,0.0
current_slack,1,47,Poppy,0.0
current_slack,1,47,Oxlip,0.0
current_slack,1,47,Daisy,0.0
current_slack,1,47,Tulip,0.0
current_slack,1,48,Poppy,0.0
current_slack,1,48,Oxlip,0.0
current_slack,1,48,Daisy,0.0
current_slack,1,48,Tulip,0.0
current_slack,1,49,Poppy,0.0
current_slack,1,49,Oxlip,0.0
current_slack,1,49,Daisy,0.0
current_slack,1,49,Tulip,0.0
current_slack,1,50,Poppy,0.0
current_slack,1,50,Oxlip,0.0
current_slack,1,50,Daisy,0.0
current_slack,1,50,Tulip,0.0
current_slack,1,51,Poppy,0.0
current_slack,1,51,Oxlip,0.0
current_slack,1,51,Daisy,0.0
current_slack,1,51,Tulip,0.0
current_slack,1,52,Poppy,0.0
current_slack,1,52,Oxlip,0.0
current_slack,1,52,Daisy,0.0
current_slack,1,52,Tulip,0.0
current_slack,1,53,Poppy,0.0
current_slack,1,53,Oxlip,0.0
current_slack,1,53,Daisy,0.0
current_slack,1,53,Tulip,0.0
current_slack,1,54,Poppy,0.0
current_slack,1,54,Oxlip,0.0
current_slack,1,54,Daisy,0.0
current_slack,1,54,Tulip,0.0
current_slack,1,55,Poppy,0.0
current_slack,1,55,Oxlip,0.0
current_slack,1,55,Daisy,0.0
current_slack,1,55,Tulip,0.0
current_slack,1,56,Poppy,0.0
current_slack,1,56,Oxlip,0.0
current_slack,1,56,Daisy,0.0
current_slack,1,56,Tulip,0.0
current_slack,1,57,Poppy,0.0
current_slack,1,57,Oxlip,0.0
current_slack,1,57,Daisy,0.0
current_slack,1,57,Tulip,0.0
current_slack,1,58,Poppy,0.0
current_slack,1,58,Oxlip,0.0
current_slack,1,58,Daisy,0.0
current_slack,1,58,Tulip,0.0
current_slack,1,59,Poppy,0.0
current_slack,1,59,Oxlip,0.0
current_slack,1,59,Daisy,0.0
current_slack,1,59,Tulip,0.0
phi,,,1,0.0
losses,,1,0,0.0031445192933385155
losses,,1,1,0.0
losses,,1,2,0.0
losses,,1,3,0.0
losses,,1,4,0.0
losses,,1,5,0.0
losses,,1,6,0.0
losses,,1,7,0.011362046151496009
losses,,1,8,0.0015384339250567997
losses,,1,9,0.0
losses,,1,10,0.0
losses,,1,11,0.0
losses,,1,12,0.0
losses,,1,13,0.0
losses,,1,14,0.0
losses,,1,15,0.0
losses,,1,16,0.0
losses,,1,17,1.4821324498345674e-05
losses,,1,18,0.0
losses,,1,19,0.0006066946817957876
losses,,1,20,0.03550597157348821
losses,,1,21,0.0
losses,,1,22,0.0
losses,,1,23,0.0
losses,,1,24,0.0
losses,,1,25,0.0
losses,,1,26,0.0
losses,,1,27,0.0
losses,,1,28,0.0
losses,,1,29,0.0
losses,,1,30,0.0
losses,,1,31,0.0
losses,,1,32,0.0
losses,,1,33,0.0
losses,,1,34,0.02788953724773217
losses,,1,35,0.0
losses,,1,36,0.004915931860302131
losses,,1,37,0.007925024810050077
losses,,1,38,0.00012733441353071631
losses,,1,39,0.0
losses,,1,40,4.0817552393826555e-05
losses,,1,41,0.0
losses,,1,42,0.0
losses,,1,43,3.759100355760863e-05
losses,,1,44,0.0225755852663871
losses,,1,45,0.0
losses,,1,46,0.015125824697145508
losses,,1,47,0.01208588303430732
losses,,1,48,0.0
losses,,1,49,0.0
losses,,1,50,0.0
losses,,1,51,0.0
losses,,1,52,0.0422239139186032
losses,,1,53,0.0021577943270756133
losses,,1,54,0.0
losses,,1,55,0.0
losses,,1,56,0.0
losses,,1,57,0.0
losses,,1,58,0.0
losses,,1,59,0.0
active_power_k,1,0,Poppy,40.090144372011764
active_power_k,1,0,Oxlip,0.0
active_power_k,1,0,Daisy,0.0
active_power_k,1,0,Tulip,0.0
active_power_k,1,1,Poppy,0.0
active_power_k,1,1,Oxlip,0.0
active_power_k,1,1,Daisy,0.0
active_power_k,1,1,Tulip,0.0
active_power_k,1,2,Poppy,0.0
active_power_k,1,2,Oxlip,0.0
active_power_k,1,2,Daisy,0.0
active_power_k,1,2,Tulip,0.0
active_power_k,1,3,Poppy,0.0
active_power_k,1,3,Oxlip,0.0
active_power_k,1,3,Daisy,0.0
active_power_k,1,3,Tulip,0.0
active_power_k,1,4,Poppy,0.0
active_power_k,1,4,Oxlip,0.0
active_power_k,1,4,Daisy,0.0
active_power_k,1,4,Tulip,0.0
active_power_k,1,5,Poppy,0.0
active_power_k,1,5,Oxlip,0.0
active_power_k,1,5,Daisy,0.0
active_power_k,1,5,Tulip,0.0
active_power_k,1,6,Poppy,0.0
active_power_k,1,6,Oxlip,0.0
active_power_k,1,6,Daisy,0.0
active_power_k,1,6,Tulip,0.0
active_power_k,1,7,Poppy,46.79713335717179
active_power_k,1,7,Oxlip,0.0
active_power_k,1,7,Daisy,0.0
active_power_k,1,7,Tulip,0.0
active_power_k,1,8,Poppy,33.00170658805928
active_power_k,1,8,Oxlip,0.0
active_power_k,1,8,Daisy,0.0
active_power_k,1,8,Tulip,0.0
active_power_k,1,9,Poppy,0.0
active_power_k,1,9,Oxlip,0.0
active_power_k,1,9,Daisy,0.0
active_power_k,1,9,Tulip,0.0
active_power_k,1,10,Poppy,0.0
active_power_k,1,10,Oxlip,0.0
active_power_k,1,10,Daisy,0.0
active_power_k,1,10,Tulip,0.0
active_power_k,1,11,Poppy,0.0
active_power_k,1,11,Oxlip,0.0
active_power_k,1,11,Daisy,0.0
active_power_k,1,11,Tulip,0.0
active_power_k,1,12,Poppy,0.0
active_power_k,1,12,Oxlip,0.0
active_power_k,1,12,Daisy,0.0
active_power_k,1,12,Tulip,0.0
active_power_k,1,13,Poppy,0.0
active_power_k,1,13,Oxlip,0.0
active_power_k,1,13,Daisy,0.0
active_power_k,1,13,Tulip,0.0
active_power_k,1,14,Poppy,0.0
active_power_k,1,14,Oxlip,0.0
active_power_k,1,14,Daisy,0.0
active_power_k,1,14,Tulip,0.0
active_power_k,1,15,Poppy,0.0
active_power_k,1,15,Oxlip,0.0
active_power_k,1,15,Daisy,0.0
active_power_k,1,15,Tulip,0.0
active_power_k,1,16,Poppy,0.0
active_power_k,1,16,Oxlip,0.0
active_power_k,1,16,Daisy,0.0
active_power_k,1,16,Tulip,0.0
active_power_k,1,17,Poppy,10.000014874875433
active_power_k,1,17,Oxlip,0.0
active_power_k,1,17,Daisy,0.0
active_power_k,1,17,Tulip,0.0
active_power_k,1,18,Poppy,0.0
active_power_k,1,18,Oxlip,0.0
active_power_k,1,18,Daisy,0.0
active_power_k,1,18,Tulip,0.0
active_power_k,1,19,Poppy,25.000644286210445
active_power_k,1,19,Oxlip,0.0
active_power_k,1,19,Daisy,0.0
active_power_k,1,19,Tulip,0.0
active_power_k,1,20,Poppy,0.0
active_power_k,1,20,Oxlip,7.085293343978549
active_power_k,1,20,Daisy,0.0
active_power_k,1,20,Tulip,0.0
active_power_k,1,21,Poppy,0.0
active_power_k,1,21,Oxlip,0.0
active_power_k,1,21,Daisy,0.0
active_power_k,1,21,Tulip,0.0
active_power_k,1,22,Poppy,0.0
active_power_k,1,22,Oxlip,0.0
active_power_k,1,22,Daisy,0.0
active_power_k,1,22,Tulip,0.0
active_power_k,1,23,Poppy,0.0
active_power_k,1,23,Oxlip,0.0
active_power_k,1,23,Daisy,0.0
active_power_k,1,23,Tulip,0.0
active_power_k,1,24,Poppy,0.0
active_power_k,1,24,Oxlip,0.0
active_power_k,1,24,Daisy,0.0
active_power_k,1,24,Tulip,0.0
active_power_k,1,25,Poppy,0.0
active_power_k,1,25,Oxlip,0.0
active_power_k,1,25,Daisy,0.0
active_power_k,1,25,Tulip,0.0
active_power_k,1,26,Poppy,0.0
active_power_k,1,26,Oxlip,0.0
active_power_k,1,26,Daisy,0.0
active_power_k,1,26,Tulip,0.0
active_power_k,1,27,Poppy,0.0
active_power_k,1,27,Oxlip,0.0
active_power_k,1,27,Daisy,0.0
active_power_k,1,27,Tulip,0.0
active_power_k,1,28,Poppy,0.0
active_power_k,1,28,Oxlip,0.0
active_power_k,1,28,Daisy,0.0
active_power_k,1,28,Tulip,0.0
active_power_k,1,29,Poppy,0.0
active_power_k,1,29,Oxlip,0.0
active_power_k,1,29,Daisy,0.0
active_power_k,1,29,Tulip,0.0
active_power_k,1,30,Poppy,0.0
active_power_k,1,30,Oxlip,0.0
active_power_k,1,30,Daisy,0.0
active_power_k,1,30,Tulip,0.0
active_power_k,1,31,Poppy,0.0
active_power_k,1,31,Oxlip,0.0
active_power_k,1,31,Daisy,0.0
active_power_k,1,31,Tulip,0.0
active_power_k,1,32,Poppy,0.0
active_power_k,1,32,Oxlip,0.0
active_power_k,1,32,Daisy,0.0
active_power_k,1,32,Tulip,0.0
active_power_k,1,33,Poppy,0.0
active_power_k,1,33,Oxlip,0.0
active_power_k,1,33,Daisy,0.0
active_power_k,1,33,Tulip,0.0
active_power_k,1,34,Poppy,0.0
active_power_k,1,34,Oxlip,4.730047369983296
active_power_k,1,34,Daisy,0.0
active_power_k,1,34,Tulip,0.0
active_power_k,1,35,Poppy,0.0
active_power_k,1,35,Oxlip,0.0
active_power_k,1,35,Daisy,0.0
active_power_k,1,35,Tulip,0.0
active_power_k,1,36,Poppy,1.8049157794214494
active_power_k,1,36,Oxlip,0.0
active_power_k,1,36,Daisy,0.0
active_power_k,1,36,Tulip,0.0
active_power_k,1,37,Poppy,0.0
active_power_k,1,37,Oxlip,5.250149102281227
active_power_k,1,37,Daisy,0.0
active_power_k,1,37,Tulip,0.0
active_power_k,1,38,Poppy,-22.952552088988796
active_power_k,1,38,Oxlip,0.0
active_power_k,1,38,Daisy,-0.04748872579910032
active_power_k,1,38,Tulip,0.0
active_power_k,1,39,Poppy,0.0
active_power_k,1,39,Oxlip,0.0
active_power_k,1,39,Daisy,0.0
active_power_k,1,39,Tulip,0.0
active_power_k,1,40,Poppy,-11.998638802954702
active_power_k,1,40,Oxlip,0.0
active_power_k,1,40,Daisy,0.0
active_power_k,1,40,Tulip,-0.0013610201437687791
active_power_k,1,41,Poppy,0.0
active_power_k,1,41,Oxlip,0.0
active_power_k,1,41,Daisy,0.0
active_power_k,1,41,Tulip,0.0
active_power_k,1,42,Poppy,0.0
active_power_k,1,42,Oxlip,0.0
active_power_k,1,42,Daisy,0.0
active_power_k,1,42,Tulip,0.0
active_power_k,1,43,Poppy,12.000035110429053
active_power_k,1,43,Oxlip,0.0
active_power_k,1,43,Daisy,0.0
active_power_k,1,43,Tulip,2.481950773500219e-06
active_power_k,1,44,Poppy,-3.512085897671362
active_power_k,1,44,Oxlip,0.0
active_power_k,1,44,Daisy,0.0
active_power_k,1,44,Tulip,0.0
active_power_k,1,45,Poppy,0.0
active_power_k,1,45,Oxlip,0.0
active_power_k,1,45,Daisy,0.0
active_power_k,1,45,Tulip,0.0
active_power_k,1,46,Poppy,-2.5
active_power_k,1,46,Oxlip,0.0
active_power_k,1,46,Daisy,0.0
active_power_k,1,46,Tulip,0.0
active_power_k,1,47,Poppy,-2.0
active_power_k,1,47,Oxlip,0.0
active_power_k,1,47,Daisy,0.0
active_power_k,1,47,Tulip,0.0
active_power_k,1,48,Poppy,0.0
active_power_k,1,48,Oxlip,0.0
active_power_k,1,48,Daisy,0.0
active_power_k,1,48,Tulip,0.0
active_power_k,1,49,Poppy,0.0
active_power_k,1,49,Oxlip,0.0
active_power_k,1,49,Daisy,0.0
active_power_k,1,49,Tulip,0.0
active_power_k,1,50,Poppy,0.0
active_power_k,1,50,Oxlip,0.0
active_power_k,1,50,Daisy,0.0
active_power_k,1,50,Tulip,0.0
active_power_k,1,51,Poppy,0.0
active_power_k,1,51,Oxlip,0.0
active_power_k,1,51,Daisy,0.0
active_power_k,1,51,Tulip,0.0
active_power_k,1,52,Poppy,3.042224119245631
active_power_k,1,52,Oxlip,0.0
active_power_k,1,52,Daisy,0.0
active_power_k,1,52,Tulip,0.0
active_power_k,1,53,Poppy,-1.2
active_power_k,1,53,Oxlip,0.0
active_power_k,1,53,Daisy,0.0
active_power_k,1,53,Tulip,0.0
active_power_k,1,54,Poppy,0.0
active_power_k,1,54,Oxlip,0.0
active_power_k,1,54,Daisy,0.0
active_power_k,1,54,Tulip,0.0
active_power_k,1,55,Poppy,0.0
active_power_k,1,55,Oxlip,0.0
active_power_k,1,55,Daisy,0.0
active_power_k,1,55,Tulip,0.0
active_power_k,1,56,Poppy,0.0
active_power_k,1,56,Oxlip,0.0
active_power_k,1,56,Daisy,0.0
active_power_k,1,56,Tulip,0.0
active_power_k,1,57,Poppy,0.0
active_power_k,1,57,Oxlip,0.0
active_power_k,1,57,Daisy,0.0
active_power_k,1,57,Tulip,0.0
active_power_k,1,58,Poppy,0.0
active_power_k,1,58,Oxlip,0.0
active_power_k,1,58,Daisy,0.0
active_power_k,1,58,Tulip,0.0
active_power_k,1,59,Poppy,0.0
active_power_k,1,59,Oxlip,0.0
active_power_k,1,59,Daisy,0.0
active_power_k,1,59,Tulip,0.0
active_power,,1,0,40.09014436956077
active_power,,1,1,0.0
active_power,,1,2,0.0
active_power,,1,3,0.0
active_power,,1,4,0.0
active_power,,1,5,0.0
active_power,,1,6,0.0
active_power,,1,7,46.797133361686875
active_power,,1,8,33.001706586510174
active_power,,1,9,0.0
active_power,,1,10,0.0
active_power,,1,11,0.0
active_power,,1,12,0.0
active_power,,1,13,0.0
active_power,,1,14,0.0
active_power,,1,15,0.0
active_power,,1,16,0.0
active_power,,1,17,10.000014822703745
active_power,,1,18,0.0
active_power,,1,19,25.00064428314397
active_power,,1,20,7.085293291665623
active_power,,1,21,0.0
active_power,,1,22,0.0
active_power,,1,23,0.0
active_power,,1,24,0.0
active_power,,1,25,0.0
active_power,,1,26,0.0
active_power,,1,27,0.0
active_power,,1,28,0.0
active_power,,1,29,0.0
active_power,,1,30,0.0
active_power,,1,31,0.0
active_power,,1,32,0.0
active_power,,1,33,0.0
active_power,,1,34,4.730047350022564
active_power,,1,35,0.0
active_power,,1,36,1.8049157792492092
active_power,,1,37,5.250149072981788
active_power,,1,38,-23.0000408178891
active_power,,1,39,0.0
active_power,,1,40,-12.0
active_power,,1,41,0.0
active_power,,1,42,0.0
active_power,,1,43,12.000037589575784
active_power,,1,44,-3.51208593906887
active_power,,1,45,0.0
active_power,,1,46,-2.5
active_power,,1,47,-2.0
active_power,,1,48,0.0
active_power,,1,49,0.0
active_power,,1,50,0.0
active_power,,1,51,0.0
active_power,,1,52,3.0422240669050007
active_power,,1,53,-1.2
active_power,,1,54,0.0
active_power,,1,55,0.0
active_power,,1,56,0.0
active_power,,1,57,0.0
active_power,,1,58,0.0
active_power,,1,59,0.0
reactive_power_k,1,0,Poppy,40.094751209126116
reactive_power_k,1,0,Oxlip,0.0
reactive_power_k,1,0,Daisy,0.0
reactive_power_k,1,0,Tulip,0.0
reactive_power_k,1,1,Poppy,0.0
reactive_power_k,1,1,Oxlip,0.0
reactive_power_k,1,1,Daisy,0.0
reactive_power_k,1,1,Tulip,0.0
reactive_power_k,1,2,Poppy,0.0
reactive_power_k,1,2,Oxlip,0.0
reactive_power_k,1,2,Daisy,0.0
reactive_power_k,1,2,Tulip,0.0
reactive_power_k,1,3,Poppy,0.0
reactive_power_k,1,3,Oxlip,0.0
reactive_power_k,1,3,Daisy,0.0
reactive_power_k,1,3,Tulip,0.0
reactive_power_k,1,4,Poppy,0.0
reactive_power_k,1,4,Oxlip,0.0
reactive_power_k,1,4,Daisy,0.0
reactive_power_k,1,4,Tulip,0.0
reactive_power_k,1,5,Poppy,0.0
reactive_power_k,1,5,Oxlip,0.0
reactive_power_k,1,5,Daisy,0.0
reactive_power_k,1,5,Tulip,0.0
reactive_power_k,1,6,Poppy,0.0
reactive_power_k,1,6,Oxlip,0.0
reactive_power_k,1,6,Daisy,0.0
reactive_power_k,1,6,Tulip,0.0
reactive_power_k,1,7,Poppy,45.100297229237185
reactive_power_k,1,7,Oxlip,0.0
reactive_power_k,1,7,Daisy,0.0
reactive_power_k,1,7,Tulip,0.0
reactive_power_k,1,8,Poppy,30.001519444979067
reactive_power_k,1,8,Oxlip,0.0
reactive_power_k,1,8,Daisy,0.0
reactive_power_k,1,8,Tulip,0.0
reactive_power_k,1,9,Poppy,0.0
reactive_power_k,1,9,Oxlip,0.0
reactive_power_k,1,9,Daisy,0.0
reactive_power_k,1,9,Tulip,0.0
reactive_power_k,1,10,Poppy,0.0
reactive_power_k,1,10,Oxlip,0.0
reactive_power_k,1,10,Daisy,0.0
reactive_power_k,1,10,Tulip,0.0
reactive_power_k,1,11,Poppy,0.0
reactive_power_k,1,11,Oxlip,0.0
reactive_power_k,1,11,Daisy,0.0
reactive_power_k,1,11,Tulip,0.0
reactive_power_k,1,12,Poppy,0.0
reactive_power_k,1,12,Oxlip,0.0
reactive_power_k,1,12,Daisy,0.0
reactive_power_k,1,12,Tulip,0.0
reactive_power_k,1,13,Poppy,0.0
reactive_power_k,1,13,Oxlip,0.0
reactive_power_k,1,13,Daisy,0.0
reactive_power_k,1,13,Tulip,0.0
reactive_power_k,1,14,Poppy,0.0
reactive_power_k,1,14,Oxlip,0.0
reactive_power_k,1,14,Daisy,0.0
reactive_power_k,1,14,Tulip,0.0
reactive_power_k,1,15,Poppy,0.0
reactive_power_k,1,15,Oxlip,0.0
reactive_power_k,1,15,Daisy,0.0
reactive_power_k,1,15,Tulip,0.0
reactive_power_k,1,16,Poppy,0.0
reactive_power_k,1,16,Oxlip,0.0
reactive_power_k,1,16,Daisy,0.0
reactive_power_k,1,16,Tulip,0.0
reactive_power_k,1,17,Poppy,6.000032608517358
reactive_power_k,1,17,Oxlip,0.0
reactive_power_k,1,17,Daisy,0.0
reactive_power_k,1,17,Tulip,0.0
reactive_power_k,1,18,Poppy,0.0
reactive_power_k,1,18,Oxlip,0.0
reactive_power_k,1,18,Daisy,0.0
reactive_power_k,1,18,Tulip,0.0
reactive_power_k,1,19,Poppy,22.00055572993824
reactive_power_k,1,19,Oxlip,0.0
reactive_power_k,1,19,Daisy,0.0
reactive_power_k,1,19,Tulip,0.0
reactive_power_k,1,20,Poppy,0.0
reactive_power_k,1,20,Oxlip,10.090780009993324
reactive_power_k,1,20,Daisy,0.0
reactive_power_k,1,20,Tulip,0.0
reactive_power_k,1,21,Poppy,0.0
reactive_power_k,1,21,Oxlip,0.0
reactive_power_k,1,21,Daisy,0.0
reactive_power_k,1,21,Tulip,0.0
reactive_power_k,1,22,Poppy,0.0
reactive_power_k,1,22,Oxlip,0.0
reactive_power_k,1,22,Daisy,0.0
reactive_power_k,1,22,Tulip,0.0
reactive_power_k,1,23,Poppy,0.0
reactive_power_k,1,23,Oxlip,0.0
reactive_power_k,1,23,Daisy,0.0
reactive_power_k,1,23,Tulip,0.0
reactive_power_k,1,24,Poppy,0.0
reactive_power_k,1,24,Oxlip,0.0
reactive_power_k,1,24,Daisy,0.0
reactive_power_k,1,24,Tulip,0.0
reactive_power_k,1,25,Poppy,0.0
reactive_power_k,1,25,Oxlip,0.0
reactive_power_k,1,25,Daisy,0.0
reactive_power_k,1,25,Tulip,0.0
reactive_power_k,1,26,Poppy,0.0
reactive_power_k,1,26,Oxlip,0.0
reactive_power_k,1,26,Daisy,0.0
reactive_power_k,1,26,Tulip,0.0
reactive_power_k,1,27,Poppy,0.0
reactive_power_k,1,27,Oxlip,0.0
reactive_power_k,1,27,Daisy,0.0
reactive_power_k,1,27,Tulip,0.0
reactive_power_k,1,28,Poppy,0.0
reactive_power_k,1,28,Oxlip,0.0
reactive_power_k,1,28,Daisy,0.0
reactive_power_k,1,28,Tulip,0.0
reactive_power_k,1,29,Poppy,0.0
reactive_power_k,1,29,Oxlip,0.0
reactive_power_k,1,29,Daisy,0.0
reactive_power_k,1,29,Tulip,0.0
reactive_power_k,1,30,Poppy,0.0
reactive_power_k,1,30,Oxlip,0.0
reactive_power_k,1,30,Daisy,0.0
reactive_power_k,1,30,Tulip,0.0
reactive_power_k,1,31,Poppy,0.0
reactive_power_k,1,31,Oxlip,0.0
reactive_power_k,1,31,Daisy,0.0
reactive_power_k,1,31,Tulip,0.0
reactive_power_k,1,32,Poppy,0.0
reactive_power_k,1,32,Oxlip,0.0
reactive_power_k,1,32,Daisy,0.0
reactive_power_k,1,32,Tulip,0.0
reactive_power_k,1,33,Poppy,0.0
reactive_power_k,1,33,Oxlip,0.0
reactive_power_k,1,33,Daisy,0.0
reactive_power_k,1,33,Tulip,0.0
reactive_power_k,1,34,Poppy,0.0
reactive_power_k,1,34,Oxlip,7.042496463124323
reactive_power_k,1,34,Daisy,0.0
reactive_power_k,1,34,Tulip,0.0
reactive_power_k,1,35,Poppy,0.0
reactive_power_k,1,35,Oxlip,0.0
reactive_power_k,1,35,Daisy,0.0
reactive_power_k,1,35,Tulip,0.0
reactive_power_k,1,36,Poppy,2.003832880582202
reactive_power_k,1,36,Oxlip,0.0
reactive_power_k,1,36,Daisy,0.0
reactive_power_k,1,36,Tulip,0.0
reactive_power_k,1,37,Poppy,0.0
reactive_power_k,1,37,Oxlip,8.044520441808004
reactive_power_k,1,37,Daisy,0.0
reactive_power_k,1,37,Tulip,0.0
reactive_power_k,1,38,Poppy,-19.962660389754546
reactive_power_k,1,38,Oxlip,0.0
reactive_power_k,1,38,Daisy,-0.037429383084152695
reactive_power_k,1,38,Tulip,0.0
reactive_power_k,1,39,Poppy,0.0
reactive_power_k,1,39,Oxlip,0.0
reactive_power_k,1,39,Daisy,0.0
reactive_power_k,1,39,Tulip,0.0
reactive_power_k,1,40,Poppy,-10.998944144270354
reactive_power_k,1,40,Oxlip,0.0
reactive_power_k,1,40,Daisy,0.0
reactive_power_k,1,40,Tulip,-0.0010555019259795573
reactive_power_k,1,41,Poppy,0.0
reactive_power_k,1,41,Oxlip,0.0
reactive_power_k,1,41,Daisy,0.0
reactive_power_k,1,41,Tulip,0.0
reactive_power_k,1,42,Poppy,0.0
reactive_power_k,1,42,Oxlip,0.0
reactive_power_k,1,42,Daisy,0.0
reactive_power_k,1,42,Tulip,0.0
reactive_power_k,1,43,Poppy,10.000080625954524
reactive_power_k,1,43,Oxlip,0.0
reactive_power_k,1,43,Daisy,0.0
reactive_power_k,1,43,Tulip,2.0550014573211817e-06
reactive_power_k,1,44,Poppy,-5.009423576654541
reactive_power_k,1,44,Oxlip,0.0
reactive_power_k,1,44,Daisy,0.0
reactive_power_k,1,44,Tulip,0.0
reactive_power_k,1,45,Poppy,0.0
reactive_power_k,1,45,Oxlip,0.0
reactive_power_k,1,45,Daisy,0.0
reactive_power_k,1,45,Tulip,0.0
reactive_power_k,1,46,Poppy,-4.0
reactive_power_k,1,46,Oxlip,0.0
reactive_power_k,1,46,Daisy,0.0
reactive_power_k,1,46,Tulip,0.0
reactive_power_k,1,47,Poppy,-3.0
reactive_power_k,1,47,Oxlip,0.0
reactive_power_k,1,47,Daisy,0.0
reactive_power_k,1,47,Tulip,0.0
reactive_power_k,1,48,Poppy,0.0
reactive_power_k,1,48,Oxlip,0.0
reactive_power_k,1,48,Daisy,0.0
reactive_power_k,1,48,Tulip,0.0
reactive_power_k,1,49,Poppy,0.0
reactive_power_k,1,49,Oxlip,0.0
reactive_power_k,1,49,Daisy,0.0
reactive_power_k,1,49,Tulip,0.0
reactive_power_k,1,50,Poppy,0.0
reactive_power_k,1,50,Oxlip,0.0
reactive_power_k,1,50,Daisy,0.0
reactive_power_k,1,50,Tulip,0.0
reactive_power_k,1,51,Poppy,0.0
reactive_power_k,1,51,Oxlip,0.0
reactive_power_k,1,51,Daisy,0.0
reactive_power_k,1,51,Tulip,0.0
reactive_power_k,1,52,Poppy,5.032922886299922
reactive_power_k,1,52,Oxlip,0.0
reactive_power_k,1,52,Daisy,0.0
reactive_power_k,1,52,Tulip,0.0
reactive_power_k,1,53,Poppy,-1.0
reactive_power_k,1,53,Oxlip,0.0
reactive_power_k,1,53,Daisy,0.0
reactive_power_k,1,53,Tulip,0.0
reactive_power_k,1,54,Poppy,0.0
reactive_power_k,1,54,Oxlip,0.0
reactive_power_k,1,54,Daisy,0.0
reactive_power_k,1,54,Tulip,0.0
reactive_power_k,1,55,Poppy,0.0
reactive_power_k,1,55,Oxlip,0.0
reactive_power_k,1,55,Daisy,0.0
reactive_power_k,1,55,Tulip,0.0
reactive_power_k,1,56,Poppy,0.0
reactive_power_k,1,56,Oxlip,0.0
reactive_power_k,1,56,Daisy,0.0
reactive_power_k,1,56,Tulip,0.0
reactive_power_k,1,57,Poppy,0.0
reactive_power_k,1,57,Oxlip,0.0
reactive_power_k,1,57,Daisy,0.0
reactive_power_k,1,57,Tulip,0.0
reactive_power_k,1,58,Poppy,0.0
reactive_power_k,1,58,Oxlip,0.0
reactive_power_k,1,58,Daisy,0.0
reactive_power_k,1,58,Tulip,0.0
reactive_power_k,1,59,Poppy,0.0
reactive_power_k,1,59,Oxlip,0.0
reactive_power_k,1,59,Daisy,0.0
reactive_power_k,1,59,Tulip,0.0
reactive_power,,1,0,40.09475120667528
reactive_power,,1,1,0.0
reactive_power,,1,2,0.0
reactive_power,,1,3,0.0
reactive_power,,1,4,0.0
reactive_power,,1,5,0.0
reactive_power,,1,6,0.0
reactive_power,,1,7,45.100297232830144
reactive_power,,1,8,30.001519443373578
reactive_power,,1,9,0.0
reactive_power,,1,10,0.0
reactive_power,,1,11,0.0
reactive_power,,1,12,0.0
reactive_power,,1,13,0.0
reactive_power,,1,14,0.0
reactive_power,,1,15,0.0
reactive_power,,1,16,0.0
reactive_power,,1,17,6.000032588195323
reactive_power,,1,18,0.0
reactive_power,,1,19,22.000555727010326
reactive_power,,1,20,10.090779957677826
reactive_power,,1,21,0.0
reactive_power,,1,22,0.0
reactive_power,,1,23,0.0
reactive_power,,1,24,0.0
reactive_power,,1,25,0.0
reactive_power,,1,26,0.0
reactive_power,,1,27,0.0
reactive_power,,1,28,0.0
reactive_power,,1,29,0.0
reactive_power,,1,30,0.0
reactive_power,,1,31,0.0
reactive_power,,1,32,0.0
reactive_power,,1,33,0.0
reactive_power,,1,34,7.042496443175068
reactive_power,,1,35,0.0
reactive_power,,1,36,2.003832880410015
reactive_power,,1,37,8.044520412547286
reactive_power,,1,38,-20.00008977589607
reactive_power,,1,39,0.0
reactive_power,,1,40,-11.0
reactive_power,,1,41,0.0
reactive_power,,1,42,0.0
reactive_power,,1,43,10.000082678158428
reactive_power,,1,44,-5.0094236180637015
reactive_power,,1,45,0.0
reactive_power,,1,46,-4.0
reactive_power,,1,47,-3.0
reactive_power,,1,48,0.0
reactive_power,,1,49,0.0
reactive_power,,1,50,0.0
reactive_power,,1,51,0.0
reactive_power,,1,52,5.032922834206246
reactive_power,,1,53,-1.0
reactive_power,,1,54,0.0
reactive_power,,1,55,0.0
reactive_power,,1,56,0.0
reactive_power,,1,57,0.0
reactive_power,,1,58,0.0
reactive_power,,1,59,0.0
voltage_squared,,1,0,1.0
voltage_squared,,1,1,1.0
voltage_squared,,1,8,0.9896805595943305
voltage_squared,,1,9,0.9808817170159232
voltage_squared,,1,10,0.9730138012477244
voltage_squared,,1,11,0.9821610610132957
voltage_squared,,1,16,0.9797682636411484
voltage_squared,,1,17,0.9879446645216416
voltage_squared,,1,18,0.9844944745074781
voltage_squared,,1,19,0.9950144091291204
voltage_squared,,1,20,0.9966386297284447
voltage_squared,,1,21,0.9997731975669081
voltage_squared,,1,22,0.999746374333676
voltage_squared,,1,23,0.9997261788194313
voltage_squared,,1,24,0.9995489327610415
voltage_squared,,1,25,0.9994936639990399
voltage_squared,,1,26,0.9995129632325127
voltage_squared,,1,2,0.999860415126568
voltage_squared,,1,3,0.9025
voltage_squared,,1,4,0.9025
voltage_squared,,1,5,0.99955906318838
